solid OpenSCAD_Model
  facet normal 0 0 -1
    outer loop
      vertex 8 22 0
      vertex -4 44 0
      vertex 8.04278 22.6526 0
    endloop
  endfacet
  facet normal 0 0 -1
    outer loop
      vertex 8.04278 22.6526 0
      vertex -4 44 0
      vertex 6 44 0
    endloop
  endfacet
  facet normal -0 0 -1
    outer loop
      vertex 20 52 0
      vertex 15.082 51.7259 0
      vertex 15.1 52 0
    endloop
  endfacet
  facet normal 0 0 -1
    outer loop
      vertex 20 44 0
      vertex 15.0284 51.4565 0
      vertex 15.082 51.7259 0
    endloop
  endfacet
  facet normal 0 0 -1
    outer loop
      vertex 20 44 0
      vertex 14.9401 51.1964 0
      vertex 15.0284 51.4565 0
    endloop
  endfacet
  facet normal 0 0 -1
    outer loop
      vertex 14.2941 26.8296 0
      vertex 20 44 0
      vertex 14.9134 26.6194 0
    endloop
  endfacet
  facet normal 0 0 -1
    outer loop
      vertex 20 44 0
      vertex 14.8187 50.95 0
      vertex 14.9401 51.1964 0
    endloop
  endfacet
  facet normal 0 0 -1
    outer loop
      vertex 20 44 0
      vertex 14.666 50.7216 0
      vertex 14.8187 50.95 0
    endloop
  endfacet
  facet normal 0 0 -1
    outer loop
      vertex 20 44 0
      vertex 14.4849 50.5151 0
      vertex 14.666 50.7216 0
    endloop
  endfacet
  facet normal 0 0 -1
    outer loop
      vertex 13.6526 26.9572 0
      vertex 20 44 0
      vertex 14.2941 26.8296 0
    endloop
  endfacet
  facet normal 0 0 -1
    outer loop
      vertex 20 44 0
      vertex 14.2784 50.334 0
      vertex 14.4849 50.5151 0
    endloop
  endfacet
  facet normal 0 0 -1
    outer loop
      vertex 20 44 0
      vertex 14.05 50.1813 0
      vertex 14.2784 50.334 0
    endloop
  endfacet
  facet normal 0 0 -1
    outer loop
      vertex 20 44 0
      vertex 13.8036 50.0599 0
      vertex 14.05 50.1813 0
    endloop
  endfacet
  facet normal 0 0 -1
    outer loop
      vertex 13 27 0
      vertex 20 44 0
      vertex 13.6526 26.9572 0
    endloop
  endfacet
  facet normal 0 0 -1
    outer loop
      vertex 20 44 0
      vertex 13.5435 49.9716 0
      vertex 13.8036 50.0599 0
    endloop
  endfacet
  facet normal 0 -0 -1
    outer loop
      vertex 13 49.9 0
      vertex 20 44 0
      vertex 6 44 0
    endloop
  endfacet
  facet normal -0 0 -1
    outer loop
      vertex 20 44 0
      vertex 13 27 0
      vertex 6 44 0
    endloop
  endfacet
  facet normal 0 0 -1
    outer loop
      vertex 20 44 0
      vertex 13.2741 49.918 0
      vertex 13.5435 49.9716 0
    endloop
  endfacet
  facet normal 0 0 -1
    outer loop
      vertex 20 44 0
      vertex 13 49.9 0
      vertex 13.2741 49.918 0
    endloop
  endfacet
  facet normal -0 0 -1
    outer loop
      vertex 13 49.9 0
      vertex 6 44 0
      vertex 12.7259 49.918 0
    endloop
  endfacet
  facet normal 0 0 -1
    outer loop
      vertex 6 44 0
      vertex 13 27 0
      vertex 12.3474 26.9572 0
    endloop
  endfacet
  facet normal -0 0 -1
    outer loop
      vertex 12.7259 49.918 0
      vertex 6 44 0
      vertex 12.4565 49.9716 0
    endloop
  endfacet
  facet normal -0 0 -1
    outer loop
      vertex 12.4565 49.9716 0
      vertex 6 44 0
      vertex 12.1964 50.0599 0
    endloop
  endfacet
  facet normal -0 0 -1
    outer loop
      vertex 12.1964 50.0599 0
      vertex 6 44 0
      vertex 11.95 50.1813 0
    endloop
  endfacet
  facet normal 0 0 -1
    outer loop
      vertex 6 44 0
      vertex 12.3474 26.9572 0
      vertex 11.7059 26.8296 0
    endloop
  endfacet
  facet normal -0 0 -1
    outer loop
      vertex 11.95 50.1813 0
      vertex 6 44 0
      vertex 11.7216 50.334 0
    endloop
  endfacet
  facet normal -0 0 -1
    outer loop
      vertex 11.7216 50.334 0
      vertex 6 44 0
      vertex 11.5151 50.5151 0
    endloop
  endfacet
  facet normal -0 0 -1
    outer loop
      vertex 11.5151 50.5151 0
      vertex 6 44 0
      vertex 11.334 50.7216 0
    endloop
  endfacet
  facet normal 0 0 -1
    outer loop
      vertex 6 44 0
      vertex 11.7059 26.8296 0
      vertex 11.0866 26.6194 0
    endloop
  endfacet
  facet normal 0 0 -1
    outer loop
      vertex 6 52 0
      vertex 11.334 50.7216 0
      vertex 6 44 0
    endloop
  endfacet
  facet normal 0 0 -1
    outer loop
      vertex 11.334 50.7216 0
      vertex 6 52 0
      vertex 11.1813 50.95 0
    endloop
  endfacet
  facet normal 0 0 -1
    outer loop
      vertex 11.1813 50.95 0
      vertex 6 52 0
      vertex 11.0599 51.1964 0
    endloop
  endfacet
  facet normal 0 0 -1
    outer loop
      vertex 11.0599 51.1964 0
      vertex 6 52 0
      vertex 10.9716 51.4565 0
    endloop
  endfacet
  facet normal 0 0 -1
    outer loop
      vertex 6 44 0
      vertex 11.0866 26.6194 0
      vertex 10.5 26.3301 0
    endloop
  endfacet
  facet normal 0 0 -1
    outer loop
      vertex 14.666 -6.7216 0
      vertex 20 0 0
      vertex 20 -8 0
    endloop
  endfacet
  facet normal 0 0 -1
    outer loop
      vertex 20 0 0
      vertex 18 22 0
      vertex 20 44 0
    endloop
  endfacet
  facet normal 0 0 -1
    outer loop
      vertex 15.1 -8 0
      vertex 20 -8 0
      vertex 19.9401 -8.91368 0
    endloop
  endfacet
  facet normal 0 0 -1
    outer loop
      vertex 17.9572 22.6526 0
      vertex 20 44 0
      vertex 18 22 0
    endloop
  endfacet
  facet normal 0 0 -1
    outer loop
      vertex 15.082 -8.2741 0
      vertex 19.9401 -8.91368 0
      vertex 19.7615 -9.81173 0
    endloop
  endfacet
  facet normal 0 0 -1
    outer loop
      vertex 17.8296 23.2941 0
      vertex 20 44 0
      vertex 17.9572 22.6526 0
    endloop
  endfacet
  facet normal 0 0 -1
    outer loop
      vertex 15.0284 -8.54352 0
      vertex 19.7615 -9.81173 0
      vertex 19.4672 -10.6788 0
    endloop
  endfacet
  facet normal 0 0 -1
    outer loop
      vertex 17.6194 23.9134 0
      vertex 20 44 0
      vertex 17.8296 23.2941 0
    endloop
  endfacet
  facet normal 0 0 -1
    outer loop
      vertex 14.9401 -8.80363 0
      vertex 19.4672 -10.6788 0
      vertex 19.0622 -11.5 0
    endloop
  endfacet
  facet normal 0 0 -1
    outer loop
      vertex 17.3301 24.5 0
      vertex 20 44 0
      vertex 17.6194 23.9134 0
    endloop
  endfacet
  facet normal 0 0 -1
    outer loop
      vertex 14.8187 -9.05 0
      vertex 19.0622 -11.5 0
      vertex 18.5535 -12.2613 0
    endloop
  endfacet
  facet normal 0 0 -1
    outer loop
      vertex 16.9668 25.0438 0
      vertex 20 44 0
      vertex 17.3301 24.5 0
    endloop
  endfacet
  facet normal 0 0 -1
    outer loop
      vertex 16.5355 25.5355 0
      vertex 20 44 0
      vertex 16.9668 25.0438 0
    endloop
  endfacet
  facet normal 0 0 -1
    outer loop
      vertex 20 0 0
      vertex 17.9572 21.3474 0
      vertex 18 22 0
    endloop
  endfacet
  facet normal 0 0 -1
    outer loop
      vertex 14.666 -9.2784 0
      vertex 18.5535 -12.2613 0
      vertex 17.9497 -12.9497 0
    endloop
  endfacet
  facet normal 0 0 -1
    outer loop
      vertex 20 0 0
      vertex 17.8296 20.7059 0
      vertex 17.9572 21.3474 0
    endloop
  endfacet
  facet normal 0 0 -1
    outer loop
      vertex 20 0 0
      vertex 17.6194 20.0866 0
      vertex 17.8296 20.7059 0
    endloop
  endfacet
  facet normal 0 0 -1
    outer loop
      vertex 20 0 0
      vertex 17.3301 19.5 0
      vertex 17.6194 20.0866 0
    endloop
  endfacet
  facet normal 0 0 -1
    outer loop
      vertex 14.4849 -9.48492 0
      vertex 17.9497 -12.9497 0
      vertex 17.2613 -13.5535 0
    endloop
  endfacet
  facet normal 0 0 -1
    outer loop
      vertex 20 -8 0
      vertex 15.0284 -7.45648 0
      vertex 14.9401 -7.19637 0
    endloop
  endfacet
  facet normal 0 0 -1
    outer loop
      vertex 20 -8 0
      vertex 14.9401 -7.19637 0
      vertex 14.8187 -6.95 0
    endloop
  endfacet
  facet normal 0 0 -1
    outer loop
      vertex 14.2784 -9.66604 0
      vertex 17.2613 -13.5535 0
      vertex 16.5 -14.0622 0
    endloop
  endfacet
  facet normal 0 0 -1
    outer loop
      vertex 20 -8 0
      vertex 15.082 -7.7259 0
      vertex 15.0284 -7.45648 0
    endloop
  endfacet
  facet normal 0 0 -1
    outer loop
      vertex 14.05 -9.81865 0
      vertex 16.5 -14.0622 0
      vertex 15.6788 -14.4672 0
    endloop
  endfacet
  facet normal 0 0 -1
    outer loop
      vertex 20 -8 0
      vertex 15.1 -8 0
      vertex 15.082 -7.7259 0
    endloop
  endfacet
  facet normal 0 0 -1
    outer loop
      vertex 20 0 0
      vertex 16.9668 18.9562 0
      vertex 17.3301 19.5 0
    endloop
  endfacet
  facet normal 0 0 -1
    outer loop
      vertex 19.9401 -8.91368 0
      vertex 15.082 -8.2741 0
      vertex 15.1 -8 0
    endloop
  endfacet
  facet normal 0 0 -1
    outer loop
      vertex 19.7615 -9.81173 0
      vertex 15.0284 -8.54352 0
      vertex 15.082 -8.2741 0
    endloop
  endfacet
  facet normal 0 0 -1
    outer loop
      vertex 19.4672 -10.6788 0
      vertex 14.9401 -8.80363 0
      vertex 15.0284 -8.54352 0
    endloop
  endfacet
  facet normal 0 0 -1
    outer loop
      vertex 19.0622 -11.5 0
      vertex 14.8187 -9.05 0
      vertex 14.9401 -8.80363 0
    endloop
  endfacet
  facet normal 0 0 -1
    outer loop
      vertex 13.8036 -9.94015 0
      vertex 15.6788 -14.4672 0
      vertex 14.8117 -14.7615 0
    endloop
  endfacet
  facet normal 0 0 -1
    outer loop
      vertex 18.5535 -12.2613 0
      vertex 14.666 -9.2784 0
      vertex 14.8187 -9.05 0
    endloop
  endfacet
  facet normal 0 0 -1
    outer loop
      vertex 17.9497 -12.9497 0
      vertex 14.4849 -9.48492 0
      vertex 14.666 -9.2784 0
    endloop
  endfacet
  facet normal 0 0 -1
    outer loop
      vertex 17.2613 -13.5535 0
      vertex 14.2784 -9.66604 0
      vertex 14.4849 -9.48492 0
    endloop
  endfacet
  facet normal 0 0 -1
    outer loop
      vertex 16.5 -14.0622 0
      vertex 14.05 -9.81865 0
      vertex 14.2784 -9.66604 0
    endloop
  endfacet
  facet normal 0 0 -1
    outer loop
      vertex 13.5435 -10.0284 0
      vertex 14.8117 -14.7615 0
      vertex 13.9137 -14.9401 0
    endloop
  endfacet
  facet normal 0 0 -1
    outer loop
      vertex 15.6788 -14.4672 0
      vertex 13.8036 -9.94015 0
      vertex 14.05 -9.81865 0
    endloop
  endfacet
  facet normal 0 0 -1
    outer loop
      vertex 14.8117 -14.7615 0
      vertex 13.5435 -10.0284 0
      vertex 13.8036 -9.94015 0
    endloop
  endfacet
  facet normal 0 0 -1
    outer loop
      vertex 13.9137 -14.9401 0
      vertex 13.2741 -10.082 0
      vertex 13.5435 -10.0284 0
    endloop
  endfacet
  facet normal 0 0 -1
    outer loop
      vertex 13 -15 0
      vertex 13.2741 -10.082 0
      vertex 13.9137 -14.9401 0
    endloop
  endfacet
  facet normal 0 0 -1
    outer loop
      vertex 13 -15 0
      vertex 13 -10.1 0
      vertex 13.2741 -10.082 0
    endloop
  endfacet
  facet normal 0 0 -1
    outer loop
      vertex 13 -15 0
      vertex 12.7259 -10.082 0
      vertex 13 -10.1 0
    endloop
  endfacet
  facet normal 0 0 -1
    outer loop
      vertex 12.0863 -14.9401 0
      vertex 12.7259 -10.082 0
      vertex 13 -15 0
    endloop
  endfacet
  facet normal -0 0 -1
    outer loop
      vertex 12.7259 -10.082 0
      vertex 12.0863 -14.9401 0
      vertex 12.4565 -10.0284 0
    endloop
  endfacet
  facet normal 0 0 -1
    outer loop
      vertex 11.1883 -14.7615 0
      vertex 12.4565 -10.0284 0
      vertex 12.0863 -14.9401 0
    endloop
  endfacet
  facet normal -0 0 -1
    outer loop
      vertex 12.4565 -10.0284 0
      vertex 11.1883 -14.7615 0
      vertex 12.1964 -9.94015 0
    endloop
  endfacet
  facet normal 0 0 -1
    outer loop
      vertex 10.3212 -14.4672 0
      vertex 12.1964 -9.94015 0
      vertex 11.1883 -14.7615 0
    endloop
  endfacet
  facet normal -0 0 -1
    outer loop
      vertex 12.1964 -9.94015 0
      vertex 10.3212 -14.4672 0
      vertex 11.95 -9.81865 0
    endloop
  endfacet
  facet normal 0 0 -1
    outer loop
      vertex 9.5 -14.0622 0
      vertex 11.95 -9.81865 0
      vertex 10.3212 -14.4672 0
    endloop
  endfacet
  facet normal -0 0 -1
    outer loop
      vertex 11.95 -9.81865 0
      vertex 9.5 -14.0622 0
      vertex 11.7216 -9.66604 0
    endloop
  endfacet
  facet normal 0 0 -1
    outer loop
      vertex 8.73867 -13.5535 0
      vertex 11.7216 -9.66604 0
      vertex 9.5 -14.0622 0
    endloop
  endfacet
  facet normal -0 0 -1
    outer loop
      vertex 11.7216 -9.66604 0
      vertex 8.73867 -13.5535 0
      vertex 11.5151 -9.48492 0
    endloop
  endfacet
  facet normal 0 0 -1
    outer loop
      vertex 8.05025 -12.9497 0
      vertex 11.5151 -9.48492 0
      vertex 8.73867 -13.5535 0
    endloop
  endfacet
  facet normal -0 0 -1
    outer loop
      vertex 11.5151 -9.48492 0
      vertex 8.05025 -12.9497 0
      vertex 11.334 -9.2784 0
    endloop
  endfacet
  facet normal 0 0 -1
    outer loop
      vertex 7.44653 -12.2613 0
      vertex 11.334 -9.2784 0
      vertex 8.05025 -12.9497 0
    endloop
  endfacet
  facet normal -0 0 -1
    outer loop
      vertex 11.334 -9.2784 0
      vertex 7.44653 -12.2613 0
      vertex 11.1813 -9.05 0
    endloop
  endfacet
  facet normal 0 0 -1
    outer loop
      vertex 6.93782 -11.5 0
      vertex 11.1813 -9.05 0
      vertex 7.44653 -12.2613 0
    endloop
  endfacet
  facet normal 0 0 -1
    outer loop
      vertex 10.9 -8 0
      vertex 6 0 0
      vertex 10.5 17.6699 0
    endloop
  endfacet
  facet normal -0 0 -1
    outer loop
      vertex 11.1813 -9.05 0
      vertex 6.93782 -11.5 0
      vertex 11.0599 -8.80363 0
    endloop
  endfacet
  facet normal -0 0 -1
    outer loop
      vertex 10.5 17.6699 0
      vertex 6 0 0
      vertex 9.95619 18.0332 0
    endloop
  endfacet
  facet normal -0 0 -1
    outer loop
      vertex 9.95619 18.0332 0
      vertex 6 0 0
      vertex 9.46447 18.4645 0
    endloop
  endfacet
  facet normal 0 0 -1
    outer loop
      vertex 6.53284 -10.6788 0
      vertex 11.0599 -8.80363 0
      vertex 6.93782 -11.5 0
    endloop
  endfacet
  facet normal 0 0 -1
    outer loop
      vertex -4 0 0
      vertex 9.46447 18.4645 0
      vertex 6 0 0
    endloop
  endfacet
  facet normal -0 0 -1
    outer loop
      vertex 9.46447 18.4645 0
      vertex -4 0 0
      vertex 9.03323 18.9562 0
    endloop
  endfacet
  facet normal -0 0 -1
    outer loop
      vertex 9.03323 18.9562 0
      vertex -4 0 0
      vertex 8.66987 19.5 0
    endloop
  endfacet
  facet normal -0 0 -1
    outer loop
      vertex 11.0599 -8.80363 0
      vertex 6.53284 -10.6788 0
      vertex 10.9716 -8.54352 0
    endloop
  endfacet
  facet normal -0 0 -1
    outer loop
      vertex 8.66987 19.5 0
      vertex -4 0 0
      vertex 8.3806 20.0866 0
    endloop
  endfacet
  facet normal -0 0 -1
    outer loop
      vertex 8.3806 20.0866 0
      vertex -4 0 0
      vertex 8.17037 20.7059 0
    endloop
  endfacet
  facet normal 0 0 -1
    outer loop
      vertex 6.23852 -9.81173 0
      vertex 10.9716 -8.54352 0
      vertex 6.53284 -10.6788 0
    endloop
  endfacet
  facet normal 0 0 -1
    outer loop
      vertex 20 0 0
      vertex 26 44 0
      vertex 26 0 0
    endloop
  endfacet
  facet normal -0 0 -1
    outer loop
      vertex 26 44 0
      vertex 20 0 0
      vertex 20 44 0
    endloop
  endfacet
  facet normal 0 0 -1
    outer loop
      vertex 16.0438 25.9668 0
      vertex 20 44 0
      vertex 16.5355 25.5355 0
    endloop
  endfacet
  facet normal 0 0 -1
    outer loop
      vertex 15.5 26.3301 0
      vertex 20 44 0
      vertex 16.0438 25.9668 0
    endloop
  endfacet
  facet normal 0 0 -1
    outer loop
      vertex 14.9134 26.6194 0
      vertex 20 44 0
      vertex 15.5 26.3301 0
    endloop
  endfacet
  facet normal 0 0 -1
    outer loop
      vertex 15.082 51.7259 0
      vertex 20 52 0
      vertex 20 44 0
    endloop
  endfacet
  facet normal 0 0 -1
    outer loop
      vertex 20 52 0
      vertex 15.1 52 0
      vertex 19.9401 52.9137 0
    endloop
  endfacet
  facet normal 0 0 -1
    outer loop
      vertex 14.9401 52.8036 0
      vertex 19.4672 54.6788 0
      vertex 15.0284 52.5435 0
    endloop
  endfacet
  facet normal -0 0 -1
    outer loop
      vertex 19.7615 53.8117 0
      vertex 15.0284 52.5435 0
      vertex 19.4672 54.6788 0
    endloop
  endfacet
  facet normal 0 0 -1
    outer loop
      vertex 15.0284 52.5435 0
      vertex 19.7615 53.8117 0
      vertex 15.082 52.2741 0
    endloop
  endfacet
  facet normal -0 0 -1
    outer loop
      vertex 19.4672 54.6788 0
      vertex 14.9401 52.8036 0
      vertex 19.0622 55.5 0
    endloop
  endfacet
  facet normal -0 0 -1
    outer loop
      vertex 19.9401 52.9137 0
      vertex 15.082 52.2741 0
      vertex 19.7615 53.8117 0
    endloop
  endfacet
  facet normal 0 0 -1
    outer loop
      vertex 14.8187 53.05 0
      vertex 19.0622 55.5 0
      vertex 14.9401 52.8036 0
    endloop
  endfacet
  facet normal 0 0 -1
    outer loop
      vertex 15.082 52.2741 0
      vertex 19.9401 52.9137 0
      vertex 15.1 52 0
    endloop
  endfacet
  facet normal -0 0 -1
    outer loop
      vertex 19.0622 55.5 0
      vertex 14.8187 53.05 0
      vertex 18.5535 56.2613 0
    endloop
  endfacet
  facet normal 0 0 -1
    outer loop
      vertex 14.666 53.2784 0
      vertex 18.5535 56.2613 0
      vertex 14.8187 53.05 0
    endloop
  endfacet
  facet normal -0 0 -1
    outer loop
      vertex 18.5535 56.2613 0
      vertex 14.666 53.2784 0
      vertex 17.9497 56.9497 0
    endloop
  endfacet
  facet normal 0 0 -1
    outer loop
      vertex 14.4849 53.4849 0
      vertex 17.9497 56.9497 0
      vertex 14.666 53.2784 0
    endloop
  endfacet
  facet normal -0 0 -1
    outer loop
      vertex 17.9497 56.9497 0
      vertex 14.4849 53.4849 0
      vertex 17.2613 57.5535 0
    endloop
  endfacet
  facet normal 0 0 -1
    outer loop
      vertex 14.2784 53.666 0
      vertex 17.2613 57.5535 0
      vertex 14.4849 53.4849 0
    endloop
  endfacet
  facet normal -0 0 -1
    outer loop
      vertex 17.2613 57.5535 0
      vertex 14.2784 53.666 0
      vertex 16.5 58.0622 0
    endloop
  endfacet
  facet normal 0 0 -1
    outer loop
      vertex 14.05 53.8187 0
      vertex 16.5 58.0622 0
      vertex 14.2784 53.666 0
    endloop
  endfacet
  facet normal -0 0 -1
    outer loop
      vertex 16.5 58.0622 0
      vertex 14.05 53.8187 0
      vertex 15.6788 58.4672 0
    endloop
  endfacet
  facet normal 0 0 -1
    outer loop
      vertex 13.8036 53.9401 0
      vertex 15.6788 58.4672 0
      vertex 14.05 53.8187 0
    endloop
  endfacet
  facet normal -0 0 -1
    outer loop
      vertex 15.6788 58.4672 0
      vertex 13.8036 53.9401 0
      vertex 14.8117 58.7615 0
    endloop
  endfacet
  facet normal 0 0 -1
    outer loop
      vertex 13.5435 54.0284 0
      vertex 14.8117 58.7615 0
      vertex 13.8036 53.9401 0
    endloop
  endfacet
  facet normal -0 0 -1
    outer loop
      vertex 14.8117 58.7615 0
      vertex 13.5435 54.0284 0
      vertex 13.9137 58.9401 0
    endloop
  endfacet
  facet normal 0 0 -1
    outer loop
      vertex 13.2741 54.082 0
      vertex 13.9137 58.9401 0
      vertex 13.5435 54.0284 0
    endloop
  endfacet
  facet normal 0 0 -1
    outer loop
      vertex 13 54.1 0
      vertex 13.9137 58.9401 0
      vertex 13.2741 54.082 0
    endloop
  endfacet
  facet normal 0 0 -1
    outer loop
      vertex 13 54.1 0
      vertex 13 59 0
      vertex 13.9137 58.9401 0
    endloop
  endfacet
  facet normal 0 0 -1
    outer loop
      vertex 12.7259 54.082 0
      vertex 13 59 0
      vertex 13 54.1 0
    endloop
  endfacet
  facet normal 0 0 -1
    outer loop
      vertex 12.0863 58.9401 0
      vertex 12.7259 54.082 0
      vertex 12.4565 54.0284 0
    endloop
  endfacet
  facet normal 0 0 -1
    outer loop
      vertex 11.1883 58.7615 0
      vertex 12.4565 54.0284 0
      vertex 12.1964 53.9401 0
    endloop
  endfacet
  facet normal 0 0 -1
    outer loop
      vertex 12.7259 54.082 0
      vertex 12.0863 58.9401 0
      vertex 13 59 0
    endloop
  endfacet
  facet normal 0 0 -1
    outer loop
      vertex 10.3212 58.4672 0
      vertex 12.1964 53.9401 0
      vertex 11.95 53.8187 0
    endloop
  endfacet
  facet normal 0 0 -1
    outer loop
      vertex 9.5 58.0622 0
      vertex 11.95 53.8187 0
      vertex 11.7216 53.666 0
    endloop
  endfacet
  facet normal 0 0 -1
    outer loop
      vertex 8.73867 57.5535 0
      vertex 11.7216 53.666 0
      vertex 11.5151 53.4849 0
    endloop
  endfacet
  facet normal 0 0 -1
    outer loop
      vertex 8.05025 56.9497 0
      vertex 11.5151 53.4849 0
      vertex 11.334 53.2784 0
    endloop
  endfacet
  facet normal 0 0 -1
    outer loop
      vertex 12.4565 54.0284 0
      vertex 11.1883 58.7615 0
      vertex 12.0863 58.9401 0
    endloop
  endfacet
  facet normal 0 0 -1
    outer loop
      vertex 7.44653 56.2613 0
      vertex 11.334 53.2784 0
      vertex 11.1813 53.05 0
    endloop
  endfacet
  facet normal 0 0 -1
    outer loop
      vertex 6.93782 55.5 0
      vertex 11.1813 53.05 0
      vertex 11.0599 52.8036 0
    endloop
  endfacet
  facet normal 0 0 -1
    outer loop
      vertex 6.53284 54.6788 0
      vertex 11.0599 52.8036 0
      vertex 10.9716 52.5435 0
    endloop
  endfacet
  facet normal 0 0 -1
    outer loop
      vertex 6.23852 53.8117 0
      vertex 10.9716 52.5435 0
      vertex 10.918 52.2741 0
    endloop
  endfacet
  facet normal 0 0 -1
    outer loop
      vertex 6.05989 52.9137 0
      vertex 10.918 52.2741 0
      vertex 10.9 52 0
    endloop
  endfacet
  facet normal 0 0 -1
    outer loop
      vertex 12.1964 53.9401 0
      vertex 10.3212 58.4672 0
      vertex 11.1883 58.7615 0
    endloop
  endfacet
  facet normal 0 0 -1
    outer loop
      vertex 10.9716 51.4565 0
      vertex 6 52 0
      vertex 10.918 51.7259 0
    endloop
  endfacet
  facet normal 0 0 -1
    outer loop
      vertex 6 44 0
      vertex 10.5 26.3301 0
      vertex 9.95619 25.9668 0
    endloop
  endfacet
  facet normal 0 0 -1
    outer loop
      vertex 10.918 51.7259 0
      vertex 6 52 0
      vertex 10.9 52 0
    endloop
  endfacet
  facet normal 0 0 -1
    outer loop
      vertex 6 44 0
      vertex 9.95619 25.9668 0
      vertex 9.46447 25.5355 0
    endloop
  endfacet
  facet normal 0 0 -1
    outer loop
      vertex 6 44 0
      vertex 9.46447 25.5355 0
      vertex 9.03323 25.0438 0
    endloop
  endfacet
  facet normal 0 -0 -1
    outer loop
      vertex 6.05989 52.9137 0
      vertex 10.9 52 0
      vertex 6 52 0
    endloop
  endfacet
  facet normal 0 0 -1
    outer loop
      vertex 6 44 0
      vertex 9.03323 25.0438 0
      vertex 8.66987 24.5 0
    endloop
  endfacet
  facet normal 0 0 -1
    outer loop
      vertex 6 44 0
      vertex 8.66987 24.5 0
      vertex 8.3806 23.9134 0
    endloop
  endfacet
  facet normal 0 0 -1
    outer loop
      vertex 6 44 0
      vertex 8.3806 23.9134 0
      vertex 8.17037 23.2941 0
    endloop
  endfacet
  facet normal 0 0 -1
    outer loop
      vertex 11.95 53.8187 0
      vertex 9.5 58.0622 0
      vertex 10.3212 58.4672 0
    endloop
  endfacet
  facet normal 0 0 -1
    outer loop
      vertex 6 44 0
      vertex 8.17037 23.2941 0
      vertex 8.04278 22.6526 0
    endloop
  endfacet
  facet normal 0 0 -1
    outer loop
      vertex -4 44 0
      vertex 8 22 0
      vertex -4 0 0
    endloop
  endfacet
  facet normal -0 0 -1
    outer loop
      vertex 8.17037 20.7059 0
      vertex -4 0 0
      vertex 8.04278 21.3474 0
    endloop
  endfacet
  facet normal -0 0 -1
    outer loop
      vertex 8.04278 21.3474 0
      vertex -4 0 0
      vertex 8 22 0
    endloop
  endfacet
  facet normal -0 0 -1
    outer loop
      vertex 10.9716 -8.54352 0
      vertex 6.23852 -9.81173 0
      vertex 10.918 -8.2741 0
    endloop
  endfacet
  facet normal 0 0 -1
    outer loop
      vertex 11.7216 53.666 0
      vertex 8.73867 57.5535 0
      vertex 9.5 58.0622 0
    endloop
  endfacet
  facet normal 0 0 -1
    outer loop
      vertex 6.05989 -8.91368 0
      vertex 10.918 -8.2741 0
      vertex 6.23852 -9.81173 0
    endloop
  endfacet
  facet normal 0 0 -1
    outer loop
      vertex 11.5151 53.4849 0
      vertex 8.05025 56.9497 0
      vertex 8.73867 57.5535 0
    endloop
  endfacet
  facet normal -0 0 -1
    outer loop
      vertex 10.918 -8.2741 0
      vertex 6.05989 -8.91368 0
      vertex 10.9 -8 0
    endloop
  endfacet
  facet normal 0 0 -1
    outer loop
      vertex 11.334 53.2784 0
      vertex 7.44653 56.2613 0
      vertex 8.05025 56.9497 0
    endloop
  endfacet
  facet normal -0 0 -1
    outer loop
      vertex 10.9 -8 0
      vertex 6.05989 -8.91368 0
      vertex 6 -8 0
    endloop
  endfacet
  facet normal 0 0 -1
    outer loop
      vertex 11.1813 53.05 0
      vertex 6.93782 55.5 0
      vertex 7.44653 56.2613 0
    endloop
  endfacet
  facet normal 0 0 -1
    outer loop
      vertex 10.9 -8 0
      vertex 6 -8 0
      vertex 6 0 0
    endloop
  endfacet
  facet normal 0 0 -1
    outer loop
      vertex 11.0599 52.8036 0
      vertex 6.53284 54.6788 0
      vertex 6.93782 55.5 0
    endloop
  endfacet
  facet normal 0 0 -1
    outer loop
      vertex 10.9716 52.5435 0
      vertex 6.23852 53.8117 0
      vertex 6.53284 54.6788 0
    endloop
  endfacet
  facet normal 0 0 -1
    outer loop
      vertex 10.918 52.2741 0
      vertex 6.05989 52.9137 0
      vertex 6.23852 53.8117 0
    endloop
  endfacet
  facet normal 0 0 -1
    outer loop
      vertex 20 -8 0
      vertex 14.8187 -6.95 0
      vertex 14.666 -6.7216 0
    endloop
  endfacet
  facet normal 0 0 -1
    outer loop
      vertex 20 0 0
      vertex 16.5355 18.4645 0
      vertex 16.9668 18.9562 0
    endloop
  endfacet
  facet normal 0 0 -1
    outer loop
      vertex 20 0 0
      vertex 14.666 -6.7216 0
      vertex 14.4849 -6.51508 0
    endloop
  endfacet
  facet normal 0 0 -1
    outer loop
      vertex 20 0 0
      vertex 16.0438 18.0332 0
      vertex 16.5355 18.4645 0
    endloop
  endfacet
  facet normal 0 0 -1
    outer loop
      vertex 20 0 0
      vertex 14.4849 -6.51508 0
      vertex 14.2784 -6.33396 0
    endloop
  endfacet
  facet normal 0 0 -1
    outer loop
      vertex 20 0 0
      vertex 14.2784 -6.33396 0
      vertex 14.05 -6.18135 0
    endloop
  endfacet
  facet normal 0 0 -1
    outer loop
      vertex 20 0 0
      vertex 15.5 17.6699 0
      vertex 16.0438 18.0332 0
    endloop
  endfacet
  facet normal 0 0 -1
    outer loop
      vertex 13.8036 -6.05985 0
      vertex 20 0 0
      vertex 14.05 -6.18135 0
    endloop
  endfacet
  facet normal 0 0 -1
    outer loop
      vertex 20 0 0
      vertex 14.9134 17.3806 0
      vertex 15.5 17.6699 0
    endloop
  endfacet
  facet normal 0 0 -1
    outer loop
      vertex 13.5435 -5.97156 0
      vertex 20 0 0
      vertex 13.8036 -6.05985 0
    endloop
  endfacet
  facet normal 0 0 -1
    outer loop
      vertex 20 0 0
      vertex 14.2941 17.1704 0
      vertex 14.9134 17.3806 0
    endloop
  endfacet
  facet normal 0 0 -1
    outer loop
      vertex 13.2741 -5.91797 0
      vertex 20 0 0
      vertex 13.5435 -5.97156 0
    endloop
  endfacet
  facet normal 0 0 -1
    outer loop
      vertex 20 0 0
      vertex 13.6526 17.0428 0
      vertex 14.2941 17.1704 0
    endloop
  endfacet
  facet normal 0 0 -1
    outer loop
      vertex 13 -5.9 0
      vertex 20 0 0
      vertex 13.2741 -5.91797 0
    endloop
  endfacet
  facet normal 0 0 -1
    outer loop
      vertex 12.7259 -5.91797 0
      vertex 20 0 0
      vertex 13 -5.9 0
    endloop
  endfacet
  facet normal 0 0 -1
    outer loop
      vertex 20 0 0
      vertex 13 17 0
      vertex 13.6526 17.0428 0
    endloop
  endfacet
  facet normal 0 0 -1
    outer loop
      vertex 12.4565 -5.97156 0
      vertex 20 0 0
      vertex 12.7259 -5.91797 0
    endloop
  endfacet
  facet normal 0 0 -1
    outer loop
      vertex 11.7059 17.1704 0
      vertex 20 0 0
      vertex 12.4565 -5.97156 0
    endloop
  endfacet
  facet normal 0 0 -1
    outer loop
      vertex 20 0 0
      vertex 12.3474 17.0428 0
      vertex 13 17 0
    endloop
  endfacet
  facet normal 0 0 -1
    outer loop
      vertex 11.7059 17.1704 0
      vertex 12.4565 -5.97156 0
      vertex 12.1964 -6.05985 0
    endloop
  endfacet
  facet normal 0 0 -1
    outer loop
      vertex 11.0866 17.3806 0
      vertex 12.1964 -6.05985 0
      vertex 11.95 -6.18135 0
    endloop
  endfacet
  facet normal 0 0 -1
    outer loop
      vertex 10.5 17.6699 0
      vertex 11.95 -6.18135 0
      vertex 11.7216 -6.33396 0
    endloop
  endfacet
  facet normal 0 0 -1
    outer loop
      vertex 20 0 0
      vertex 11.7059 17.1704 0
      vertex 12.3474 17.0428 0
    endloop
  endfacet
  facet normal 0 0 -1
    outer loop
      vertex 10.5 17.6699 0
      vertex 11.7216 -6.33396 0
      vertex 11.5151 -6.51508 0
    endloop
  endfacet
  facet normal 0 0 -1
    outer loop
      vertex 10.5 17.6699 0
      vertex 11.5151 -6.51508 0
      vertex 11.334 -6.7216 0
    endloop
  endfacet
  facet normal 0 0 -1
    outer loop
      vertex 10.5 17.6699 0
      vertex 11.334 -6.7216 0
      vertex 11.1813 -6.95 0
    endloop
  endfacet
  facet normal 0 0 -1
    outer loop
      vertex 12.1964 -6.05985 0
      vertex 11.0866 17.3806 0
      vertex 11.7059 17.1704 0
    endloop
  endfacet
  facet normal 0 0 -1
    outer loop
      vertex 10.5 17.6699 0
      vertex 11.1813 -6.95 0
      vertex 11.0599 -7.19637 0
    endloop
  endfacet
  facet normal 0 0 -1
    outer loop
      vertex 10.5 17.6699 0
      vertex 11.0599 -7.19637 0
      vertex 10.9716 -7.45648 0
    endloop
  endfacet
  facet normal 0 0 -1
    outer loop
      vertex 10.5 17.6699 0
      vertex 10.9716 -7.45648 0
      vertex 10.918 -7.7259 0
    endloop
  endfacet
  facet normal 0 0 -1
    outer loop
      vertex 10.5 17.6699 0
      vertex 10.918 -7.7259 0
      vertex 10.9 -8 0
    endloop
  endfacet
  facet normal 0 0 -1
    outer loop
      vertex 11.95 -6.18135 0
      vertex 10.5 17.6699 0
      vertex 11.0866 17.3806 0
    endloop
  endfacet
  facet normal -0.980786 -0.195087 0
    outer loop
      vertex 6.23852 -9.81173 0
      vertex 6.05989 -8.91368 4
      vertex 6.05989 -8.91368 0
    endloop
  endfacet
  facet normal -0.980786 -0.195087 0
    outer loop
      vertex 6.05989 -8.91368 4
      vertex 6.23852 -9.81173 0
      vertex 6.23852 -9.81173 4
    endloop
  endfacet
  facet normal -1 0 0
    outer loop
      vertex 6 -8 0
      vertex 6 0 4
      vertex 6 0 0
    endloop
  endfacet
  facet normal -1 -0 0
    outer loop
      vertex 6 0 4
      vertex 6 -8 0
      vertex 6 -8 4
    endloop
  endfacet
  facet normal -0.997859 -0.0654077 0
    outer loop
      vertex 6.05989 -8.91368 0
      vertex 6 -8 4
      vertex 6 -8 0
    endloop
  endfacet
  facet normal -0.997859 -0.0654077 0
    outer loop
      vertex 6 -8 4
      vertex 6.05989 -8.91368 0
      vertex 6.05989 -8.91368 4
    endloop
  endfacet
  facet normal 0 -1 0
    outer loop
      vertex 6 0 4
      vertex 0 0 50.0333
      vertex -4 0 50.0333
    endloop
  endfacet
  facet normal 0 -1 0
    outer loop
      vertex 0 0 50.0333
      vertex 6 0 4
      vertex 20 0 4
    endloop
  endfacet
  facet normal 0 -1 0
    outer loop
      vertex -4 0 0
      vertex 6 0 4
      vertex -4 0 50.0333
    endloop
  endfacet
  facet normal 0 -1 -0
    outer loop
      vertex 6 0 4
      vertex -4 0 0
      vertex 6 0 0
    endloop
  endfacet
  facet normal 0 -1 0
    outer loop
      vertex 0 0 50.0333
      vertex 20 0 4
      vertex 26 0 5
    endloop
  endfacet
  facet normal 0 -1 0
    outer loop
      vertex 26 0 0
      vertex 20 0 4
      vertex 20 0 0
    endloop
  endfacet
  facet normal 0 -1 0
    outer loop
      vertex 20 0 4
      vertex 26 0 0
      vertex 26 0 5
    endloop
  endfacet
  facet normal -0 0 1
    outer loop
      vertex 16.4641 -6 4
      vertex 20 -8 4
      vertex 20 0 4
    endloop
  endfacet
  facet normal -0 -0 1
    outer loop
      vertex 16.8637 -6.96472 4
      vertex 20 -8 4
      vertex 16.6955 -6.46927 4
    endloop
  endfacet
  facet normal -0 -0 1
    outer loop
      vertex 16.9658 -7.4779 4
      vertex 20 -8 4
      vertex 16.8637 -6.96472 4
    endloop
  endfacet
  facet normal 0 0 1
    outer loop
      vertex 20 -8 4
      vertex 17 -8 4
      vertex 19.9401 -8.91368 4
    endloop
  endfacet
  facet normal 0 0 1
    outer loop
      vertex 19.9401 -8.91368 4
      vertex 16.9658 -8.5221 4
      vertex 19.7615 -9.81173 4
    endloop
  endfacet
  facet normal -0 0 1
    outer loop
      vertex 16.8637 -9.03528 4
      vertex 19.7615 -9.81173 4
      vertex 16.9658 -8.5221 4
    endloop
  endfacet
  facet normal -0 0 1
    outer loop
      vertex 16.6955 -9.53073 4
      vertex 19.4672 -10.6788 4
      vertex 16.8637 -9.03528 4
    endloop
  endfacet
  facet normal 0 0 1
    outer loop
      vertex 19.4672 -10.6788 4
      vertex 16.6955 -9.53073 4
      vertex 19.0622 -11.5 4
    endloop
  endfacet
  facet normal 0 0 1
    outer loop
      vertex 19.7615 -9.81173 4
      vertex 16.8637 -9.03528 4
      vertex 19.4672 -10.6788 4
    endloop
  endfacet
  facet normal -0 0 1
    outer loop
      vertex 16.9658 -8.5221 4
      vertex 19.9401 -8.91368 4
      vertex 17 -8 4
    endloop
  endfacet
  facet normal 0 -0 1
    outer loop
      vertex 17 -8 4
      vertex 20 -8 4
      vertex 16.9658 -7.4779 4
    endloop
  endfacet
  facet normal 0 0 1
    outer loop
      vertex 20 -8 4
      vertex 16.4641 -6 4
      vertex 16.6955 -6.46927 4
    endloop
  endfacet
  facet normal 0 0 1
    outer loop
      vertex 20 0 4
      vertex 16.1734 -5.56495 4
      vertex 16.4641 -6 4
    endloop
  endfacet
  facet normal 0 0 1
    outer loop
      vertex 20 0 4
      vertex 15.8284 -5.17157 4
      vertex 16.1734 -5.56495 4
    endloop
  endfacet
  facet normal 0 0 1
    outer loop
      vertex 20 0 4
      vertex 15.435 -4.82659 4
      vertex 15.8284 -5.17157 4
    endloop
  endfacet
  facet normal 0 0 1
    outer loop
      vertex 20 0 4
      vertex 15 -4.5359 4
      vertex 15.435 -4.82659 4
    endloop
  endfacet
  facet normal 0 0 1
    outer loop
      vertex 20 0 4
      vertex 14.5307 -4.30448 4
      vertex 15 -4.5359 4
    endloop
  endfacet
  facet normal 0 0 1
    outer loop
      vertex 20 0 4
      vertex 14.0353 -4.1363 4
      vertex 14.5307 -4.30448 4
    endloop
  endfacet
  facet normal 0 0 1
    outer loop
      vertex 20 0 4
      vertex 13.5221 -4.03422 4
      vertex 14.0353 -4.1363 4
    endloop
  endfacet
  facet normal 0 0 1
    outer loop
      vertex 20 0 4
      vertex 13 -4 4
      vertex 13.5221 -4.03422 4
    endloop
  endfacet
  facet normal -0 0 1
    outer loop
      vertex 6 0 4
      vertex 13 -4 4
      vertex 20 0 4
    endloop
  endfacet
  facet normal 0 0 1
    outer loop
      vertex 13 -4 4
      vertex 6 0 4
      vertex 12.4779 -4.03422 4
    endloop
  endfacet
  facet normal 0 0 1
    outer loop
      vertex 12.4779 -4.03422 4
      vertex 6 0 4
      vertex 11.9647 -4.1363 4
    endloop
  endfacet
  facet normal 0 0 1
    outer loop
      vertex 11.9647 -4.1363 4
      vertex 6 0 4
      vertex 11.4693 -4.30448 4
    endloop
  endfacet
  facet normal 0 0 1
    outer loop
      vertex 10.1716 -10.8284 4
      vertex 8.05025 -12.9497 4
      vertex 8.73867 -13.5535 4
    endloop
  endfacet
  facet normal 0 0 1
    outer loop
      vertex 6 -8 4
      vertex 9 -8 4
      vertex 9.03422 -7.4779 4
    endloop
  endfacet
  facet normal 0 0 1
    outer loop
      vertex 9.03422 -8.5221 4
      vertex 7.44653 -12.2613 4
      vertex 8.05025 -12.9497 4
    endloop
  endfacet
  facet normal 0 0 1
    outer loop
      vertex 6 -8 4
      vertex 9.03422 -7.4779 4
      vertex 9.1363 -6.96472 4
    endloop
  endfacet
  facet normal 0 0 1
    outer loop
      vertex 9.03422 -8.5221 4
      vertex 6.93782 -11.5 4
      vertex 7.44653 -12.2613 4
    endloop
  endfacet
  facet normal 0 0 1
    outer loop
      vertex 6 -8 4
      vertex 9.1363 -6.96472 4
      vertex 9.30448 -6.46927 4
    endloop
  endfacet
  facet normal 0 0 1
    outer loop
      vertex 9.03422 -8.5221 4
      vertex 6.53284 -10.6788 4
      vertex 6.93782 -11.5 4
    endloop
  endfacet
  facet normal 0 0 1
    outer loop
      vertex 6 -8 4
      vertex 9.30448 -6.46927 4
      vertex 9.5359 -6 4
    endloop
  endfacet
  facet normal 0 0 1
    outer loop
      vertex 9.03422 -8.5221 4
      vertex 6.23852 -9.81173 4
      vertex 6.53284 -10.6788 4
    endloop
  endfacet
  facet normal 0 0 1
    outer loop
      vertex 6 0 4
      vertex 9.5359 -6 4
      vertex 9.82659 -5.56495 4
    endloop
  endfacet
  facet normal 0 0 1
    outer loop
      vertex 9.03422 -8.5221 4
      vertex 6.05989 -8.91368 4
      vertex 6.23852 -9.81173 4
    endloop
  endfacet
  facet normal 0 0 1
    outer loop
      vertex 6 0 4
      vertex 9.82659 -5.56495 4
      vertex 10.1716 -5.17157 4
    endloop
  endfacet
  facet normal 0 0 1
    outer loop
      vertex 11.4693 -4.30448 4
      vertex 6 0 4
      vertex 11 -4.5359 4
    endloop
  endfacet
  facet normal 0 0 1
    outer loop
      vertex 6 0 4
      vertex 10.565 -4.82659 4
      vertex 11 -4.5359 4
    endloop
  endfacet
  facet normal 0 0 1
    outer loop
      vertex 6 0 4
      vertex 10.1716 -5.17157 4
      vertex 10.565 -4.82659 4
    endloop
  endfacet
  facet normal 0 0 1
    outer loop
      vertex 9.5359 -6 4
      vertex 6 0 4
      vertex 6 -8 4
    endloop
  endfacet
  facet normal 0 0 1
    outer loop
      vertex 9 -8 4
      vertex 6 -8 4
      vertex 6.05989 -8.91368 4
    endloop
  endfacet
  facet normal -0 0 1
    outer loop
      vertex 16.4641 -10 4
      vertex 19.0622 -11.5 4
      vertex 16.6955 -9.53073 4
    endloop
  endfacet
  facet normal 0 0 1
    outer loop
      vertex 19.0622 -11.5 4
      vertex 16.4641 -10 4
      vertex 18.5535 -12.2613 4
    endloop
  endfacet
  facet normal -0 0 1
    outer loop
      vertex 16.1734 -10.435 4
      vertex 18.5535 -12.2613 4
      vertex 16.4641 -10 4
    endloop
  endfacet
  facet normal 0 0 1
    outer loop
      vertex 18.5535 -12.2613 4
      vertex 16.1734 -10.435 4
      vertex 17.9497 -12.9497 4
    endloop
  endfacet
  facet normal -0 0 1
    outer loop
      vertex 15.8284 -10.8284 4
      vertex 17.9497 -12.9497 4
      vertex 16.1734 -10.435 4
    endloop
  endfacet
  facet normal 0 0 1
    outer loop
      vertex 17.9497 -12.9497 4
      vertex 15.8284 -10.8284 4
      vertex 17.2613 -13.5535 4
    endloop
  endfacet
  facet normal -0 0 1
    outer loop
      vertex 15.435 -11.1734 4
      vertex 17.2613 -13.5535 4
      vertex 15.8284 -10.8284 4
    endloop
  endfacet
  facet normal 0 0 1
    outer loop
      vertex 17.2613 -13.5535 4
      vertex 15.435 -11.1734 4
      vertex 16.5 -14.0622 4
    endloop
  endfacet
  facet normal -0 0 1
    outer loop
      vertex 15 -11.4641 4
      vertex 16.5 -14.0622 4
      vertex 15.435 -11.1734 4
    endloop
  endfacet
  facet normal 0 0 1
    outer loop
      vertex 16.5 -14.0622 4
      vertex 15 -11.4641 4
      vertex 15.6788 -14.4672 4
    endloop
  endfacet
  facet normal -0 0 1
    outer loop
      vertex 14.5307 -11.6955 4
      vertex 15.6788 -14.4672 4
      vertex 15 -11.4641 4
    endloop
  endfacet
  facet normal 0 0 1
    outer loop
      vertex 15.6788 -14.4672 4
      vertex 14.5307 -11.6955 4
      vertex 14.8117 -14.7615 4
    endloop
  endfacet
  facet normal -0 0 1
    outer loop
      vertex 14.0353 -11.8637 4
      vertex 14.8117 -14.7615 4
      vertex 14.5307 -11.6955 4
    endloop
  endfacet
  facet normal 0 0 1
    outer loop
      vertex 14.0353 -11.8637 4
      vertex 13.9137 -14.9401 4
      vertex 14.8117 -14.7615 4
    endloop
  endfacet
  facet normal -0 0 1
    outer loop
      vertex 13.5221 -11.9658 4
      vertex 13.9137 -14.9401 4
      vertex 14.0353 -11.8637 4
    endloop
  endfacet
  facet normal -0 0 1
    outer loop
      vertex 13 -12 4
      vertex 13.9137 -14.9401 4
      vertex 13.5221 -11.9658 4
    endloop
  endfacet
  facet normal 0 0 1
    outer loop
      vertex 13 -12 4
      vertex 13 -15 4
      vertex 13.9137 -14.9401 4
    endloop
  endfacet
  facet normal 0 0 1
    outer loop
      vertex 12.4779 -11.9658 4
      vertex 13 -15 4
      vertex 13 -12 4
    endloop
  endfacet
  facet normal 0 0 1
    outer loop
      vertex 12.4779 -11.9658 4
      vertex 12.0863 -14.9401 4
      vertex 13 -15 4
    endloop
  endfacet
  facet normal 0 0 1
    outer loop
      vertex 11.9647 -11.8637 4
      vertex 12.0863 -14.9401 4
      vertex 12.4779 -11.9658 4
    endloop
  endfacet
  facet normal 0 0 1
    outer loop
      vertex 11.1883 -14.7615 4
      vertex 11.9647 -11.8637 4
      vertex 11.4693 -11.6955 4
    endloop
  endfacet
  facet normal 0 0 1
    outer loop
      vertex 11.9647 -11.8637 4
      vertex 11.1883 -14.7615 4
      vertex 12.0863 -14.9401 4
    endloop
  endfacet
  facet normal 0 0 1
    outer loop
      vertex 10.3212 -14.4672 4
      vertex 11.4693 -11.6955 4
      vertex 11 -11.4641 4
    endloop
  endfacet
  facet normal 0 0 1
    outer loop
      vertex 9.5 -14.0622 4
      vertex 11 -11.4641 4
      vertex 10.565 -11.1734 4
    endloop
  endfacet
  facet normal 0 0 1
    outer loop
      vertex 11.4693 -11.6955 4
      vertex 10.3212 -14.4672 4
      vertex 11.1883 -14.7615 4
    endloop
  endfacet
  facet normal 0 0 1
    outer loop
      vertex 8.73867 -13.5535 4
      vertex 10.565 -11.1734 4
      vertex 10.1716 -10.8284 4
    endloop
  endfacet
  facet normal 0 0 1
    outer loop
      vertex 8.05025 -12.9497 4
      vertex 10.1716 -10.8284 4
      vertex 9.82659 -10.435 4
    endloop
  endfacet
  facet normal 0 0 1
    outer loop
      vertex 8.05025 -12.9497 4
      vertex 9.82659 -10.435 4
      vertex 9.5359 -10 4
    endloop
  endfacet
  facet normal 0 0 1
    outer loop
      vertex 11 -11.4641 4
      vertex 9.5 -14.0622 4
      vertex 10.3212 -14.4672 4
    endloop
  endfacet
  facet normal 0 0 1
    outer loop
      vertex 8.05025 -12.9497 4
      vertex 9.5359 -10 4
      vertex 9.30448 -9.53073 4
    endloop
  endfacet
  facet normal 0 0 1
    outer loop
      vertex 8.05025 -12.9497 4
      vertex 9.30448 -9.53073 4
      vertex 9.1363 -9.03528 4
    endloop
  endfacet
  facet normal 0 0 1
    outer loop
      vertex 8.05025 -12.9497 4
      vertex 9.1363 -9.03528 4
      vertex 9.03422 -8.5221 4
    endloop
  endfacet
  facet normal 0 0 1
    outer loop
      vertex 10.565 -11.1734 4
      vertex 8.73867 -13.5535 4
      vertex 9.5 -14.0622 4
    endloop
  endfacet
  facet normal 0 0 1
    outer loop
      vertex 6.05989 -8.91368 4
      vertex 9.03422 -8.5221 4
      vertex 9 -8 4
    endloop
  endfacet
  facet normal 0 0 1
    outer loop
      vertex 17 -8 4
      vertex 16.99 -7.99857 4
      vertex 16.9901 -8 4
    endloop
  endfacet
  facet normal 0 0 1
    outer loop
      vertex 16.9658 -7.4779 4
      vertex 16.99 -7.99857 4
      vertex 17 -8 4
    endloop
  endfacet
  facet normal 0 0 1
    outer loop
      vertex 16.9658 -7.4779 4
      vertex 16.9559 -7.47919 4
      vertex 16.99 -7.99857 4
    endloop
  endfacet
  facet normal -0 0 1
    outer loop
      vertex 16.8544 -6.96871 4
      vertex 16.9658 -7.4779 4
      vertex 16.8637 -6.96472 4
    endloop
  endfacet
  facet normal 0 0 1
    outer loop
      vertex 16.9658 -7.4779 4
      vertex 16.8544 -6.96871 4
      vertex 16.9559 -7.47919 4
    endloop
  endfacet
  facet normal 0 0 1
    outer loop
      vertex 16.8637 -6.96472 4
      vertex 16.8541 -6.9673 4
      vertex 16.8544 -6.96871 4
    endloop
  endfacet
  facet normal 0 0 1
    outer loop
      vertex 16.8637 -6.96472 4
      vertex 16.8536 -6.96594 4
      vertex 16.8541 -6.9673 4
    endloop
  endfacet
  facet normal 0 0 1
    outer loop
      vertex 16.6955 -6.46927 4
      vertex 16.8536 -6.96594 4
      vertex 16.8637 -6.96472 4
    endloop
  endfacet
  facet normal 0 0 1
    outer loop
      vertex 16.6955 -6.46927 4
      vertex 16.6863 -6.47307 4
      vertex 16.8536 -6.96594 4
    endloop
  endfacet
  facet normal 0 0 1
    outer loop
      vertex 16.6955 -6.46927 4
      vertex 16.6857 -6.47178 4
      vertex 16.6863 -6.47307 4
    endloop
  endfacet
  facet normal 0 0 1
    outer loop
      vertex 16.4641 -6 4
      vertex 16.6857 -6.47178 4
      vertex 16.6955 -6.46927 4
    endloop
  endfacet
  facet normal 0 0 1
    outer loop
      vertex 16.4641 -6 4
      vertex 16.4555 -6.00497 4
      vertex 16.6857 -6.47178 4
    endloop
  endfacet
  facet normal -0 0 1
    outer loop
      vertex 16.1663 -5.57221 4
      vertex 16.4641 -6 4
      vertex 16.1734 -5.56495 4
    endloop
  endfacet
  facet normal 0 0 1
    outer loop
      vertex 16.4641 -6 4
      vertex 16.1663 -5.57221 4
      vertex 16.4555 -6.00497 4
    endloop
  endfacet
  facet normal 0 0 1
    outer loop
      vertex 16.1734 -5.56495 4
      vertex 16.1655 -5.57101 4
      vertex 16.1663 -5.57221 4
    endloop
  endfacet
  facet normal -0 0 1
    outer loop
      vertex 15.8223 -5.17969 4
      vertex 16.1734 -5.56495 4
      vertex 15.8284 -5.17157 4
    endloop
  endfacet
  facet normal 0 0 1
    outer loop
      vertex 16.1734 -5.56495 4
      vertex 15.8223 -5.17969 4
      vertex 16.1655 -5.57101 4
    endloop
  endfacet
  facet normal 0 0 1
    outer loop
      vertex 15.8284 -5.17157 4
      vertex 15.8214 -5.17861 4
      vertex 15.8223 -5.17969 4
    endloop
  endfacet
  facet normal 0 0 1
    outer loop
      vertex 15.8284 -5.17157 4
      vertex 15.8203 -5.17766 4
      vertex 15.8214 -5.17861 4
    endloop
  endfacet
  facet normal 0 0 1
    outer loop
      vertex 15.435 -4.82659 4
      vertex 15.8203 -5.17766 4
      vertex 15.8284 -5.17157 4
    endloop
  endfacet
  facet normal 0 0 1
    outer loop
      vertex 15.435 -4.82659 4
      vertex 15.429 -4.83448 4
      vertex 15.8203 -5.17766 4
    endloop
  endfacet
  facet normal 0 0 1
    outer loop
      vertex 15.435 -4.82659 4
      vertex 15.4278 -4.83368 4
      vertex 15.429 -4.83448 4
    endloop
  endfacet
  facet normal 0 0 1
    outer loop
      vertex 15 -4.5359 4
      vertex 15.4278 -4.83368 4
      vertex 15.435 -4.82659 4
    endloop
  endfacet
  facet normal 0 0 1
    outer loop
      vertex 15 -4.5359 4
      vertex 14.995 -4.54451 4
      vertex 15.4278 -4.83368 4
    endloop
  endfacet
  facet normal -0 0 1
    outer loop
      vertex 14.5282 -4.31431 4
      vertex 15 -4.5359 4
      vertex 14.5307 -4.30448 4
    endloop
  endfacet
  facet normal 0 0 1
    outer loop
      vertex 15 -4.5359 4
      vertex 14.5282 -4.31431 4
      vertex 14.995 -4.54451 4
    endloop
  endfacet
  facet normal 0 0 1
    outer loop
      vertex 14.5307 -4.30448 4
      vertex 14.5269 -4.31367 4
      vertex 14.5282 -4.31431 4
    endloop
  endfacet
  facet normal -0 0 1
    outer loop
      vertex 14.0341 -4.14637 4
      vertex 14.5307 -4.30448 4
      vertex 14.0353 -4.1363 4
    endloop
  endfacet
  facet normal 0 0 1
    outer loop
      vertex 14.5307 -4.30448 4
      vertex 14.0341 -4.14637 4
      vertex 14.5269 -4.31367 4
    endloop
  endfacet
  facet normal 0 0 1
    outer loop
      vertex 14.0353 -4.1363 4
      vertex 14.0327 -4.14591 4
      vertex 14.0341 -4.14637 4
    endloop
  endfacet
  facet normal 0 0 1
    outer loop
      vertex 14.0353 -4.1363 4
      vertex 14.0313 -4.14562 4
      vertex 14.0327 -4.14591 4
    endloop
  endfacet
  facet normal 0 0 1
    outer loop
      vertex 13.5221 -4.03422 4
      vertex 14.0313 -4.14562 4
      vertex 14.0353 -4.1363 4
    endloop
  endfacet
  facet normal 0 0 1
    outer loop
      vertex 13.5221 -4.03422 4
      vertex 13.5208 -4.04408 4
      vertex 14.0313 -4.14562 4
    endloop
  endfacet
  facet normal 0 0 1
    outer loop
      vertex 13.5221 -4.03422 4
      vertex 13.0014 -4.01004 4
      vertex 13.5208 -4.04408 4
    endloop
  endfacet
  facet normal 0 0 1
    outer loop
      vertex 13 -4 4
      vertex 13.0014 -4.01004 4
      vertex 13.5221 -4.03422 4
    endloop
  endfacet
  facet normal 0 0 1
    outer loop
      vertex 13 -4 4
      vertex 13 -4.00995 4
      vertex 13.0014 -4.01004 4
    endloop
  endfacet
  facet normal 0 0 1
    outer loop
      vertex 13 -4 4
      vertex 12.9986 -4.01004 4
      vertex 13 -4.00995 4
    endloop
  endfacet
  facet normal 0 0 1
    outer loop
      vertex 12.4779 -4.03422 4
      vertex 12.9986 -4.01004 4
      vertex 13 -4 4
    endloop
  endfacet
  facet normal 0 0 1
    outer loop
      vertex 12.9986 -4.01004 4
      vertex 12.4779 -4.03422 4
      vertex 12.4792 -4.04408 4
    endloop
  endfacet
  facet normal 0 0 1
    outer loop
      vertex 12.4779 -4.03422 4
      vertex 11.9687 -4.14562 4
      vertex 12.4792 -4.04408 4
    endloop
  endfacet
  facet normal -0 0 1
    outer loop
      vertex 11.9647 -4.1363 4
      vertex 11.9687 -4.14562 4
      vertex 12.4779 -4.03422 4
    endloop
  endfacet
  facet normal 0 0 1
    outer loop
      vertex 11.9687 -4.14562 4
      vertex 11.9647 -4.1363 4
      vertex 11.9673 -4.14591 4
    endloop
  endfacet
  facet normal 0 0 1
    outer loop
      vertex 11.9647 -4.1363 4
      vertex 11.9659 -4.14637 4
      vertex 11.9673 -4.14591 4
    endloop
  endfacet
  facet normal 0 0 1
    outer loop
      vertex 11.4693 -4.30448 4
      vertex 11.9659 -4.14637 4
      vertex 11.9647 -4.1363 4
    endloop
  endfacet
  facet normal 0 0 1
    outer loop
      vertex 11.9659 -4.14637 4
      vertex 11.4693 -4.30448 4
      vertex 11.4731 -4.31367 4
    endloop
  endfacet
  facet normal 0 0 1
    outer loop
      vertex 11.4693 -4.30448 4
      vertex 11.4718 -4.31431 4
      vertex 11.4731 -4.31367 4
    endloop
  endfacet
  facet normal 0 0 1
    outer loop
      vertex 11 -4.5359 4
      vertex 11.4718 -4.31431 4
      vertex 11.4693 -4.30448 4
    endloop
  endfacet
  facet normal 0 0 1
    outer loop
      vertex 11.4718 -4.31431 4
      vertex 11 -4.5359 4
      vertex 11.005 -4.54451 4
    endloop
  endfacet
  facet normal 0 0 1
    outer loop
      vertex 11 -4.5359 4
      vertex 10.5722 -4.83368 4
      vertex 11.005 -4.54451 4
    endloop
  endfacet
  facet normal -0 0 1
    outer loop
      vertex 10.565 -4.82659 4
      vertex 10.5722 -4.83368 4
      vertex 11 -4.5359 4
    endloop
  endfacet
  facet normal 0 0 1
    outer loop
      vertex 10.5722 -4.83368 4
      vertex 10.565 -4.82659 4
      vertex 10.571 -4.83448 4
    endloop
  endfacet
  facet normal 0 0 1
    outer loop
      vertex 10.565 -4.82659 4
      vertex 10.1797 -5.17766 4
      vertex 10.571 -4.83448 4
    endloop
  endfacet
  facet normal -0 0 1
    outer loop
      vertex 10.1716 -5.17157 4
      vertex 10.1797 -5.17766 4
      vertex 10.565 -4.82659 4
    endloop
  endfacet
  facet normal 0 0 1
    outer loop
      vertex 10.1797 -5.17766 4
      vertex 10.1716 -5.17157 4
      vertex 10.1786 -5.17861 4
    endloop
  endfacet
  facet normal 0 0 1
    outer loop
      vertex 10.1716 -5.17157 4
      vertex 10.1777 -5.17969 4
      vertex 10.1786 -5.17861 4
    endloop
  endfacet
  facet normal 0 0 1
    outer loop
      vertex 9.82659 -5.56495 4
      vertex 10.1777 -5.17969 4
      vertex 10.1716 -5.17157 4
    endloop
  endfacet
  facet normal 0 0 1
    outer loop
      vertex 10.1777 -5.17969 4
      vertex 9.82659 -5.56495 4
      vertex 9.83448 -5.57101 4
    endloop
  endfacet
  facet normal 0 0 1
    outer loop
      vertex 9.82659 -5.56495 4
      vertex 9.83368 -5.57221 4
      vertex 9.83448 -5.57101 4
    endloop
  endfacet
  facet normal 0 0 1
    outer loop
      vertex 9.5359 -6 4
      vertex 9.83368 -5.57221 4
      vertex 9.82659 -5.56495 4
    endloop
  endfacet
  facet normal 0 0 1
    outer loop
      vertex 9.83368 -5.57221 4
      vertex 9.5359 -6 4
      vertex 9.54451 -6.00497 4
    endloop
  endfacet
  facet normal 0 0 1
    outer loop
      vertex 9.5359 -6 4
      vertex 9.31431 -6.47178 4
      vertex 9.54451 -6.00497 4
    endloop
  endfacet
  facet normal -0 0 1
    outer loop
      vertex 9.30448 -6.46927 4
      vertex 9.31431 -6.47178 4
      vertex 9.5359 -6 4
    endloop
  endfacet
  facet normal 0 0 1
    outer loop
      vertex 9.31431 -6.47178 4
      vertex 9.30448 -6.46927 4
      vertex 9.31367 -6.47307 4
    endloop
  endfacet
  facet normal 0 0 1
    outer loop
      vertex 9.30448 -6.46927 4
      vertex 9.14637 -6.96594 4
      vertex 9.31367 -6.47307 4
    endloop
  endfacet
  facet normal -0 0 1
    outer loop
      vertex 9.1363 -6.96472 4
      vertex 9.14637 -6.96594 4
      vertex 9.30448 -6.46927 4
    endloop
  endfacet
  facet normal 0 0 1
    outer loop
      vertex 9.14637 -6.96594 4
      vertex 9.1363 -6.96472 4
      vertex 9.14591 -6.9673 4
    endloop
  endfacet
  facet normal 0 0 1
    outer loop
      vertex 9.1363 -6.96472 4
      vertex 9.14563 -6.96871 4
      vertex 9.14591 -6.9673 4
    endloop
  endfacet
  facet normal 0 0 1
    outer loop
      vertex 9.03422 -7.4779 4
      vertex 9.14563 -6.96871 4
      vertex 9.1363 -6.96472 4
    endloop
  endfacet
  facet normal 0 0 1
    outer loop
      vertex 9.14563 -6.96871 4
      vertex 9.03422 -7.4779 4
      vertex 9.04408 -7.47919 4
    endloop
  endfacet
  facet normal 0 0 1
    outer loop
      vertex 9.03422 -7.4779 4
      vertex 9.01004 -7.99857 4
      vertex 9.04408 -7.47919 4
    endloop
  endfacet
  facet normal 0 0 1
    outer loop
      vertex 9 -8 4
      vertex 9.01004 -7.99857 4
      vertex 9.03422 -7.4779 4
    endloop
  endfacet
  facet normal 0 0 1
    outer loop
      vertex 9.01004 -7.99857 4
      vertex 9 -8 4
      vertex 9.00995 -8 4
    endloop
  endfacet
  facet normal 0 0 1
    outer loop
      vertex 16.99 -8.00144 4
      vertex 17 -8 4
      vertex 16.9901 -8 4
    endloop
  endfacet
  facet normal -0 0 1
    outer loop
      vertex 16.99 -8.00144 4
      vertex 16.9658 -8.5221 4
      vertex 17 -8 4
    endloop
  endfacet
  facet normal -0 0 1
    outer loop
      vertex 16.9559 -8.52081 4
      vertex 16.9658 -8.5221 4
      vertex 16.99 -8.00144 4
    endloop
  endfacet
  facet normal 0 0 1
    outer loop
      vertex 16.8544 -9.03129 4
      vertex 16.9658 -8.5221 4
      vertex 16.9559 -8.52081 4
    endloop
  endfacet
  facet normal 0 0 1
    outer loop
      vertex 16.9658 -8.5221 4
      vertex 16.8544 -9.03129 4
      vertex 16.8637 -9.03528 4
    endloop
  endfacet
  facet normal -0 0 1
    outer loop
      vertex 16.8541 -9.0327 4
      vertex 16.8637 -9.03528 4
      vertex 16.8544 -9.03129 4
    endloop
  endfacet
  facet normal -0 0 1
    outer loop
      vertex 16.8536 -9.03406 4
      vertex 16.8637 -9.03528 4
      vertex 16.8541 -9.0327 4
    endloop
  endfacet
  facet normal 0 0 1
    outer loop
      vertex 16.8536 -9.03406 4
      vertex 16.6955 -9.53073 4
      vertex 16.8637 -9.03528 4
    endloop
  endfacet
  facet normal -0 0 1
    outer loop
      vertex 16.6863 -9.52693 4
      vertex 16.6955 -9.53073 4
      vertex 16.8536 -9.03406 4
    endloop
  endfacet
  facet normal -0 0 1
    outer loop
      vertex 16.6857 -9.52822 4
      vertex 16.6955 -9.53073 4
      vertex 16.6863 -9.52693 4
    endloop
  endfacet
  facet normal 0 0 1
    outer loop
      vertex 16.6857 -9.52822 4
      vertex 16.4641 -10 4
      vertex 16.6955 -9.53073 4
    endloop
  endfacet
  facet normal -0 0 1
    outer loop
      vertex 16.4555 -9.99503 4
      vertex 16.4641 -10 4
      vertex 16.6857 -9.52822 4
    endloop
  endfacet
  facet normal 0 0 1
    outer loop
      vertex 16.1663 -10.4278 4
      vertex 16.4641 -10 4
      vertex 16.4555 -9.99503 4
    endloop
  endfacet
  facet normal 0 0 1
    outer loop
      vertex 16.4641 -10 4
      vertex 16.1663 -10.4278 4
      vertex 16.1734 -10.435 4
    endloop
  endfacet
  facet normal -0 0 1
    outer loop
      vertex 16.1655 -10.429 4
      vertex 16.1734 -10.435 4
      vertex 16.1663 -10.4278 4
    endloop
  endfacet
  facet normal 0 0 1
    outer loop
      vertex 15.8223 -10.8203 4
      vertex 16.1734 -10.435 4
      vertex 16.1655 -10.429 4
    endloop
  endfacet
  facet normal 0 0 1
    outer loop
      vertex 16.1734 -10.435 4
      vertex 15.8223 -10.8203 4
      vertex 15.8284 -10.8284 4
    endloop
  endfacet
  facet normal -0 0 1
    outer loop
      vertex 15.8214 -10.8214 4
      vertex 15.8284 -10.8284 4
      vertex 15.8223 -10.8203 4
    endloop
  endfacet
  facet normal -0 0 1
    outer loop
      vertex 15.8203 -10.8223 4
      vertex 15.8284 -10.8284 4
      vertex 15.8214 -10.8214 4
    endloop
  endfacet
  facet normal 0 0 1
    outer loop
      vertex 15.8203 -10.8223 4
      vertex 15.435 -11.1734 4
      vertex 15.8284 -10.8284 4
    endloop
  endfacet
  facet normal -0 0 1
    outer loop
      vertex 15.429 -11.1655 4
      vertex 15.435 -11.1734 4
      vertex 15.8203 -10.8223 4
    endloop
  endfacet
  facet normal -0 0 1
    outer loop
      vertex 15.4278 -11.1663 4
      vertex 15.435 -11.1734 4
      vertex 15.429 -11.1655 4
    endloop
  endfacet
  facet normal 0 0 1
    outer loop
      vertex 15.4278 -11.1663 4
      vertex 15 -11.4641 4
      vertex 15.435 -11.1734 4
    endloop
  endfacet
  facet normal -0 0 1
    outer loop
      vertex 14.995 -11.4555 4
      vertex 15 -11.4641 4
      vertex 15.4278 -11.1663 4
    endloop
  endfacet
  facet normal 0 0 1
    outer loop
      vertex 14.5282 -11.6857 4
      vertex 15 -11.4641 4
      vertex 14.995 -11.4555 4
    endloop
  endfacet
  facet normal 0 0 1
    outer loop
      vertex 15 -11.4641 4
      vertex 14.5282 -11.6857 4
      vertex 14.5307 -11.6955 4
    endloop
  endfacet
  facet normal -0 0 1
    outer loop
      vertex 14.5269 -11.6863 4
      vertex 14.5307 -11.6955 4
      vertex 14.5282 -11.6857 4
    endloop
  endfacet
  facet normal 0 0 1
    outer loop
      vertex 14.0341 -11.8536 4
      vertex 14.5307 -11.6955 4
      vertex 14.5269 -11.6863 4
    endloop
  endfacet
  facet normal 0 0 1
    outer loop
      vertex 14.5307 -11.6955 4
      vertex 14.0341 -11.8536 4
      vertex 14.0353 -11.8637 4
    endloop
  endfacet
  facet normal -0 0 1
    outer loop
      vertex 14.0327 -11.8541 4
      vertex 14.0353 -11.8637 4
      vertex 14.0341 -11.8536 4
    endloop
  endfacet
  facet normal -0 0 1
    outer loop
      vertex 14.0313 -11.8544 4
      vertex 14.0353 -11.8637 4
      vertex 14.0327 -11.8541 4
    endloop
  endfacet
  facet normal 0 0 1
    outer loop
      vertex 14.0313 -11.8544 4
      vertex 13.5221 -11.9658 4
      vertex 14.0353 -11.8637 4
    endloop
  endfacet
  facet normal -0 0 1
    outer loop
      vertex 13.5208 -11.9559 4
      vertex 13.5221 -11.9658 4
      vertex 14.0313 -11.8544 4
    endloop
  endfacet
  facet normal 0 0 1
    outer loop
      vertex 13.0014 -11.99 4
      vertex 13.5221 -11.9658 4
      vertex 13.5208 -11.9559 4
    endloop
  endfacet
  facet normal 0 0 1
    outer loop
      vertex 13 -12 4
      vertex 13.0014 -11.99 4
      vertex 13 -11.9901 4
    endloop
  endfacet
  facet normal -0 0 1
    outer loop
      vertex 13.0014 -11.99 4
      vertex 13 -12 4
      vertex 13.5221 -11.9658 4
    endloop
  endfacet
  facet normal 0 0 1
    outer loop
      vertex 12.9986 -11.99 4
      vertex 13 -12 4
      vertex 13 -11.9901 4
    endloop
  endfacet
  facet normal -0 0 1
    outer loop
      vertex 12.4779 -11.9658 4
      vertex 12.9986 -11.99 4
      vertex 12.4792 -11.9559 4
    endloop
  endfacet
  facet normal 0 0 1
    outer loop
      vertex 12.9986 -11.99 4
      vertex 12.4779 -11.9658 4
      vertex 13 -12 4
    endloop
  endfacet
  facet normal 0 0 1
    outer loop
      vertex 11.9687 -11.8544 4
      vertex 12.4779 -11.9658 4
      vertex 12.4792 -11.9559 4
    endloop
  endfacet
  facet normal 0 0 1
    outer loop
      vertex 11.9647 -11.8637 4
      vertex 11.9687 -11.8544 4
      vertex 11.9673 -11.8541 4
    endloop
  endfacet
  facet normal 0 0 1
    outer loop
      vertex 11.9687 -11.8544 4
      vertex 11.9647 -11.8637 4
      vertex 12.4779 -11.9658 4
    endloop
  endfacet
  facet normal 0 0 1
    outer loop
      vertex 11.9659 -11.8536 4
      vertex 11.9647 -11.8637 4
      vertex 11.9673 -11.8541 4
    endloop
  endfacet
  facet normal -0 0 1
    outer loop
      vertex 11.4693 -11.6955 4
      vertex 11.9659 -11.8536 4
      vertex 11.4731 -11.6863 4
    endloop
  endfacet
  facet normal 0 0 1
    outer loop
      vertex 11.9659 -11.8536 4
      vertex 11.4693 -11.6955 4
      vertex 11.9647 -11.8637 4
    endloop
  endfacet
  facet normal 0 0 1
    outer loop
      vertex 11.4718 -11.6857 4
      vertex 11.4693 -11.6955 4
      vertex 11.4731 -11.6863 4
    endloop
  endfacet
  facet normal -0 0 1
    outer loop
      vertex 11 -11.4641 4
      vertex 11.4718 -11.6857 4
      vertex 11.005 -11.4555 4
    endloop
  endfacet
  facet normal 0 0 1
    outer loop
      vertex 11.4718 -11.6857 4
      vertex 11 -11.4641 4
      vertex 11.4693 -11.6955 4
    endloop
  endfacet
  facet normal 0 0 1
    outer loop
      vertex 10.5722 -11.1663 4
      vertex 11 -11.4641 4
      vertex 11.005 -11.4555 4
    endloop
  endfacet
  facet normal 0 0 1
    outer loop
      vertex 10.565 -11.1734 4
      vertex 10.5722 -11.1663 4
      vertex 10.571 -11.1655 4
    endloop
  endfacet
  facet normal 0 0 1
    outer loop
      vertex 10.5722 -11.1663 4
      vertex 10.565 -11.1734 4
      vertex 11 -11.4641 4
    endloop
  endfacet
  facet normal 0 0 1
    outer loop
      vertex 10.1797 -10.8223 4
      vertex 10.565 -11.1734 4
      vertex 10.571 -11.1655 4
    endloop
  endfacet
  facet normal 0 0 1
    outer loop
      vertex 10.1716 -10.8284 4
      vertex 10.1797 -10.8223 4
      vertex 10.1786 -10.8214 4
    endloop
  endfacet
  facet normal 0 0 1
    outer loop
      vertex 10.1797 -10.8223 4
      vertex 10.1716 -10.8284 4
      vertex 10.565 -11.1734 4
    endloop
  endfacet
  facet normal 0 0 1
    outer loop
      vertex 10.1777 -10.8203 4
      vertex 10.1716 -10.8284 4
      vertex 10.1786 -10.8214 4
    endloop
  endfacet
  facet normal -0 0 1
    outer loop
      vertex 9.82659 -10.435 4
      vertex 10.1777 -10.8203 4
      vertex 9.83448 -10.429 4
    endloop
  endfacet
  facet normal 0 0 1
    outer loop
      vertex 10.1777 -10.8203 4
      vertex 9.82659 -10.435 4
      vertex 10.1716 -10.8284 4
    endloop
  endfacet
  facet normal 0 0 1
    outer loop
      vertex 9.83368 -10.4278 4
      vertex 9.82659 -10.435 4
      vertex 9.83448 -10.429 4
    endloop
  endfacet
  facet normal -0 0 1
    outer loop
      vertex 9.5359 -10 4
      vertex 9.83368 -10.4278 4
      vertex 9.54451 -9.99503 4
    endloop
  endfacet
  facet normal 0 0 1
    outer loop
      vertex 9.83368 -10.4278 4
      vertex 9.5359 -10 4
      vertex 9.82659 -10.435 4
    endloop
  endfacet
  facet normal 0 0 1
    outer loop
      vertex 9.31431 -9.52822 4
      vertex 9.5359 -10 4
      vertex 9.54451 -9.99503 4
    endloop
  endfacet
  facet normal 0 0 1
    outer loop
      vertex 9.30448 -9.53073 4
      vertex 9.31431 -9.52822 4
      vertex 9.31367 -9.52693 4
    endloop
  endfacet
  facet normal 0 0 1
    outer loop
      vertex 9.31431 -9.52822 4
      vertex 9.30448 -9.53073 4
      vertex 9.5359 -10 4
    endloop
  endfacet
  facet normal 0 0 1
    outer loop
      vertex 9.14637 -9.03406 4
      vertex 9.30448 -9.53073 4
      vertex 9.31367 -9.52693 4
    endloop
  endfacet
  facet normal 0 0 1
    outer loop
      vertex 9.1363 -9.03528 4
      vertex 9.14637 -9.03406 4
      vertex 9.14591 -9.0327 4
    endloop
  endfacet
  facet normal 0 0 1
    outer loop
      vertex 9.14637 -9.03406 4
      vertex 9.1363 -9.03528 4
      vertex 9.30448 -9.53073 4
    endloop
  endfacet
  facet normal 0 0 1
    outer loop
      vertex 9.14563 -9.03129 4
      vertex 9.1363 -9.03528 4
      vertex 9.14591 -9.0327 4
    endloop
  endfacet
  facet normal -0 0 1
    outer loop
      vertex 9.03422 -8.5221 4
      vertex 9.14563 -9.03129 4
      vertex 9.04408 -8.52081 4
    endloop
  endfacet
  facet normal 0 0 1
    outer loop
      vertex 9.14563 -9.03129 4
      vertex 9.03422 -8.5221 4
      vertex 9.1363 -9.03528 4
    endloop
  endfacet
  facet normal 0 0 1
    outer loop
      vertex 9.01004 -8.00144 4
      vertex 9.03422 -8.5221 4
      vertex 9.04408 -8.52081 4
    endloop
  endfacet
  facet normal -0 0 1
    outer loop
      vertex 9 -8 4
      vertex 9.01004 -8.00144 4
      vertex 9.00995 -8 4
    endloop
  endfacet
  facet normal 0 0 1
    outer loop
      vertex 9.01004 -8.00144 4
      vertex 9 -8 4
      vertex 9.03422 -8.5221 4
    endloop
  endfacet
  facet normal 1 -0 0
    outer loop
      vertex 20 -8 4
      vertex 20 0 0
      vertex 20 0 4
    endloop
  endfacet
  facet normal 1 0 0
    outer loop
      vertex 20 0 0
      vertex 20 -8 4
      vertex 20 -8 0
    endloop
  endfacet
  facet normal 0.659401 -0.751791 0
    outer loop
      vertex 17.2613 -13.5535 0
      vertex 17.9497 -12.9497 4
      vertex 17.2613 -13.5535 4
    endloop
  endfacet
  facet normal 0.659401 -0.751791 0
    outer loop
      vertex 17.9497 -12.9497 4
      vertex 17.2613 -13.5535 0
      vertex 17.9497 -12.9497 0
    endloop
  endfacet
  facet normal 0.831462 -0.555582 0
    outer loop
      vertex 18.5535 -12.2613 4
      vertex 19.0622 -11.5 0
      vertex 19.0622 -11.5 4
    endloop
  endfacet
  facet normal 0.831462 -0.555582 0
    outer loop
      vertex 19.0622 -11.5 0
      vertex 18.5535 -12.2613 4
      vertex 18.5535 -12.2613 0
    endloop
  endfacet
  facet normal 0.89686 -0.442314 0
    outer loop
      vertex 19.0622 -11.5 4
      vertex 19.4672 -10.6788 0
      vertex 19.4672 -10.6788 4
    endloop
  endfacet
  facet normal 0.89686 -0.442314 0
    outer loop
      vertex 19.4672 -10.6788 0
      vertex 19.0622 -11.5 4
      vertex 19.0622 -11.5 0
    endloop
  endfacet
  facet normal 0.980792 -0.195055 0
    outer loop
      vertex 19.7615 -9.81173 4
      vertex 19.9401 -8.91368 0
      vertex 19.9401 -8.91368 4
    endloop
  endfacet
  facet normal 0.980792 -0.195055 0
    outer loop
      vertex 19.9401 -8.91368 0
      vertex 19.7615 -9.81173 4
      vertex 19.7615 -9.81173 0
    endloop
  endfacet
  facet normal 0.442314 -0.89686 0
    outer loop
      vertex 15.6788 -14.4672 0
      vertex 16.5 -14.0622 4
      vertex 15.6788 -14.4672 4
    endloop
  endfacet
  facet normal 0.442314 -0.89686 0
    outer loop
      vertex 16.5 -14.0622 4
      vertex 15.6788 -14.4672 0
      vertex 16.5 -14.0622 0
    endloop
  endfacet
  facet normal -0.195066 -0.98079 0
    outer loop
      vertex 11.1883 -14.7615 0
      vertex 12.0863 -14.9401 4
      vertex 11.1883 -14.7615 4
    endloop
  endfacet
  facet normal -0.195066 -0.98079 -0
    outer loop
      vertex 12.0863 -14.9401 4
      vertex 11.1883 -14.7615 0
      vertex 12.0863 -14.9401 0
    endloop
  endfacet
  facet normal -0.896869 -0.442297 0
    outer loop
      vertex 6.93782 -11.5 0
      vertex 6.53284 -10.6788 4
      vertex 6.53284 -10.6788 0
    endloop
  endfacet
  facet normal -0.896869 -0.442297 0
    outer loop
      vertex 6.53284 -10.6788 4
      vertex 6.93782 -11.5 0
      vertex 6.93782 -11.5 4
    endloop
  endfacet
  facet normal 0.751791 -0.659401 0
    outer loop
      vertex 17.9497 -12.9497 4
      vertex 18.5535 -12.2613 0
      vertex 18.5535 -12.2613 4
    endloop
  endfacet
  facet normal 0.751791 -0.659401 0
    outer loop
      vertex 18.5535 -12.2613 0
      vertex 17.9497 -12.9497 4
      vertex 17.9497 -12.9497 0
    endloop
  endfacet
  facet normal 0.94694 -0.321409 0
    outer loop
      vertex 19.4672 -10.6788 4
      vertex 19.7615 -9.81173 0
      vertex 19.7615 -9.81173 4
    endloop
  endfacet
  facet normal 0.94694 -0.321409 0
    outer loop
      vertex 19.7615 -9.81173 0
      vertex 19.4672 -10.6788 4
      vertex 19.4672 -10.6788 0
    endloop
  endfacet
  facet normal 0.997858 -0.0654186 0
    outer loop
      vertex 19.9401 -8.91368 4
      vertex 20 -8 0
      vertex 20 -8 4
    endloop
  endfacet
  facet normal 0.997858 -0.0654186 0
    outer loop
      vertex 20 -8 0
      vertex 19.9401 -8.91368 4
      vertex 19.9401 -8.91368 0
    endloop
  endfacet
  facet normal 0.555582 -0.831462 0
    outer loop
      vertex 16.5 -14.0622 0
      vertex 17.2613 -13.5535 4
      vertex 16.5 -14.0622 4
    endloop
  endfacet
  facet normal 0.555582 -0.831462 0
    outer loop
      vertex 17.2613 -13.5535 4
      vertex 16.5 -14.0622 0
      vertex 17.2613 -13.5535 0
    endloop
  endfacet
  facet normal 0.195066 -0.98079 0
    outer loop
      vertex 13.9137 -14.9401 0
      vertex 14.8117 -14.7615 4
      vertex 13.9137 -14.9401 4
    endloop
  endfacet
  facet normal 0.195066 -0.98079 0
    outer loop
      vertex 14.8117 -14.7615 4
      vertex 13.9137 -14.9401 0
      vertex 14.8117 -14.7615 0
    endloop
  endfacet
  facet normal -0.0654172 -0.997858 0
    outer loop
      vertex 12.0863 -14.9401 0
      vertex 13 -15 4
      vertex 12.0863 -14.9401 4
    endloop
  endfacet
  facet normal -0.0654172 -0.997858 -0
    outer loop
      vertex 13 -15 4
      vertex 12.0863 -14.9401 0
      vertex 13 -15 0
    endloop
  endfacet
  facet normal -0.831457 -0.55559 0
    outer loop
      vertex 7.44653 -12.2613 0
      vertex 6.93782 -11.5 4
      vertex 6.93782 -11.5 0
    endloop
  endfacet
  facet normal -0.831457 -0.55559 0
    outer loop
      vertex 6.93782 -11.5 4
      vertex 7.44653 -12.2613 0
      vertex 7.44653 -12.2613 4
    endloop
  endfacet
  facet normal -0.946934 -0.321429 0
    outer loop
      vertex 6.53284 -10.6788 0
      vertex 6.23852 -9.81173 4
      vertex 6.23852 -9.81173 0
    endloop
  endfacet
  facet normal -0.946934 -0.321429 0
    outer loop
      vertex 6.23852 -9.81173 4
      vertex 6.53284 -10.6788 0
      vertex 6.53284 -10.6788 4
    endloop
  endfacet
  facet normal -0.442314 -0.89686 0
    outer loop
      vertex 9.5 -14.0622 0
      vertex 10.3212 -14.4672 4
      vertex 9.5 -14.0622 4
    endloop
  endfacet
  facet normal -0.442314 -0.89686 -0
    outer loop
      vertex 10.3212 -14.4672 4
      vertex 9.5 -14.0622 0
      vertex 10.3212 -14.4672 0
    endloop
  endfacet
  facet normal -0.65939 -0.751801 0
    outer loop
      vertex 8.05025 -12.9497 0
      vertex 8.73867 -13.5535 4
      vertex 8.05025 -12.9497 4
    endloop
  endfacet
  facet normal -0.65939 -0.751801 -0
    outer loop
      vertex 8.73867 -13.5535 4
      vertex 8.05025 -12.9497 0
      vertex 8.73867 -13.5535 0
    endloop
  endfacet
  facet normal -0.3214 -0.946944 0
    outer loop
      vertex 10.3212 -14.4672 0
      vertex 11.1883 -14.7615 4
      vertex 10.3212 -14.4672 4
    endloop
  endfacet
  facet normal -0.3214 -0.946944 -0
    outer loop
      vertex 11.1883 -14.7615 4
      vertex 10.3212 -14.4672 0
      vertex 11.1883 -14.7615 0
    endloop
  endfacet
  facet normal 0.3214 -0.946944 0
    outer loop
      vertex 14.8117 -14.7615 0
      vertex 15.6788 -14.4672 4
      vertex 14.8117 -14.7615 4
    endloop
  endfacet
  facet normal 0.3214 -0.946944 0
    outer loop
      vertex 15.6788 -14.4672 4
      vertex 14.8117 -14.7615 0
      vertex 15.6788 -14.4672 0
    endloop
  endfacet
  facet normal 0.0654172 -0.997858 0
    outer loop
      vertex 13 -15 0
      vertex 13.9137 -14.9401 4
      vertex 13 -15 4
    endloop
  endfacet
  facet normal 0.0654172 -0.997858 0
    outer loop
      vertex 13.9137 -14.9401 4
      vertex 13 -15 0
      vertex 13.9137 -14.9401 0
    endloop
  endfacet
  facet normal -0.751835 -0.659352 0
    outer loop
      vertex 8.05025 -12.9497 0
      vertex 7.44653 -12.2613 4
      vertex 7.44653 -12.2613 0
    endloop
  endfacet
  facet normal -0.751835 -0.659352 0
    outer loop
      vertex 7.44653 -12.2613 4
      vertex 8.05025 -12.9497 0
      vertex 8.05025 -12.9497 4
    endloop
  endfacet
  facet normal -0.555567 -0.831472 0
    outer loop
      vertex 8.73867 -13.5535 0
      vertex 9.5 -14.0622 4
      vertex 8.73867 -13.5535 4
    endloop
  endfacet
  facet normal -0.555567 -0.831472 -0
    outer loop
      vertex 9.5 -14.0622 4
      vertex 8.73867 -13.5535 0
      vertex 9.5 -14.0622 0
    endloop
  endfacet
  facet normal -0.997859 0.0654063 0
    outer loop
      vertex 6 52 0
      vertex 6.05989 52.9137 4
      vertex 6.05989 52.9137 0
    endloop
  endfacet
  facet normal -0.997859 0.0654063 0
    outer loop
      vertex 6.05989 52.9137 4
      vertex 6 52 0
      vertex 6 52 4
    endloop
  endfacet
  facet normal -0.980784 0.195097 0
    outer loop
      vertex 6.05989 52.9137 0
      vertex 6.23852 53.8117 4
      vertex 6.23852 53.8117 0
    endloop
  endfacet
  facet normal -0.980784 0.195097 0
    outer loop
      vertex 6.23852 53.8117 4
      vertex 6.05989 52.9137 0
      vertex 6.05989 52.9137 4
    endloop
  endfacet
  facet normal 0 0 1
    outer loop
      vertex 19.9401 52.9137 4
      vertex 16.9658 52.5221 4
      vertex 17 52 4
    endloop
  endfacet
  facet normal 0 0 1
    outer loop
      vertex 17.9497 56.9497 4
      vertex 16.8637 53.0353 4
      vertex 16.9658 52.5221 4
    endloop
  endfacet
  facet normal 0 0 1
    outer loop
      vertex 17.9497 56.9497 4
      vertex 16.6955 53.5307 4
      vertex 16.8637 53.0353 4
    endloop
  endfacet
  facet normal 0 0 1
    outer loop
      vertex 15.435 55.1734 4
      vertex 17.2613 57.5535 4
      vertex 16.5 58.0622 4
    endloop
  endfacet
  facet normal 0 0 1
    outer loop
      vertex 17.9497 56.9497 4
      vertex 16.4641 54 4
      vertex 16.6955 53.5307 4
    endloop
  endfacet
  facet normal 0 0 1
    outer loop
      vertex 17.9497 56.9497 4
      vertex 16.1734 54.435 4
      vertex 16.4641 54 4
    endloop
  endfacet
  facet normal 0 0 1
    outer loop
      vertex 17.9497 56.9497 4
      vertex 15.8284 54.8284 4
      vertex 16.1734 54.435 4
    endloop
  endfacet
  facet normal 0 0 1
    outer loop
      vertex 15 55.4641 4
      vertex 16.5 58.0622 4
      vertex 15.6788 58.4672 4
    endloop
  endfacet
  facet normal 0 0 1
    outer loop
      vertex 17.2613 57.5535 4
      vertex 15.435 55.1734 4
      vertex 15.8284 54.8284 4
    endloop
  endfacet
  facet normal 0 0 1
    outer loop
      vertex 16.5 58.0622 4
      vertex 15 55.4641 4
      vertex 15.435 55.1734 4
    endloop
  endfacet
  facet normal 0 0 1
    outer loop
      vertex 14.5307 55.6955 4
      vertex 15.6788 58.4672 4
      vertex 14.8117 58.7615 4
    endloop
  endfacet
  facet normal 0 0 1
    outer loop
      vertex 15.6788 58.4672 4
      vertex 14.5307 55.6955 4
      vertex 15 55.4641 4
    endloop
  endfacet
  facet normal 0 0 1
    outer loop
      vertex 14.8117 58.7615 4
      vertex 14.0353 55.8637 4
      vertex 14.5307 55.6955 4
    endloop
  endfacet
  facet normal 0 0 1
    outer loop
      vertex 13.9137 58.9401 4
      vertex 14.0353 55.8637 4
      vertex 14.8117 58.7615 4
    endloop
  endfacet
  facet normal 0 0 1
    outer loop
      vertex 13.9137 58.9401 4
      vertex 13.5221 55.9658 4
      vertex 14.0353 55.8637 4
    endloop
  endfacet
  facet normal 0 0 1
    outer loop
      vertex 13 59 4
      vertex 13.5221 55.9658 4
      vertex 13.9137 58.9401 4
    endloop
  endfacet
  facet normal 0 0 1
    outer loop
      vertex 13 59 4
      vertex 13 56 4
      vertex 13.5221 55.9658 4
    endloop
  endfacet
  facet normal 0 0 1
    outer loop
      vertex 13 59 4
      vertex 12.4779 55.9658 4
      vertex 13 56 4
    endloop
  endfacet
  facet normal -0 0 1
    outer loop
      vertex 12.0863 58.9401 4
      vertex 12.4779 55.9658 4
      vertex 13 59 4
    endloop
  endfacet
  facet normal 0 0 1
    outer loop
      vertex 12.0863 58.9401 4
      vertex 11.9647 55.8637 4
      vertex 12.4779 55.9658 4
    endloop
  endfacet
  facet normal -0 0 1
    outer loop
      vertex 11.1883 58.7615 4
      vertex 11.9647 55.8637 4
      vertex 12.0863 58.9401 4
    endloop
  endfacet
  facet normal 0 0 1
    outer loop
      vertex 11.9647 55.8637 4
      vertex 11.1883 58.7615 4
      vertex 11.4693 55.6955 4
    endloop
  endfacet
  facet normal -0 0 1
    outer loop
      vertex 10.3212 58.4672 4
      vertex 11.4693 55.6955 4
      vertex 11.1883 58.7615 4
    endloop
  endfacet
  facet normal 0 0 1
    outer loop
      vertex 11.4693 55.6955 4
      vertex 10.3212 58.4672 4
      vertex 11 55.4641 4
    endloop
  endfacet
  facet normal -0 0 1
    outer loop
      vertex 9.5 58.0622 4
      vertex 11 55.4641 4
      vertex 10.3212 58.4672 4
    endloop
  endfacet
  facet normal 0 0 1
    outer loop
      vertex 11 55.4641 4
      vertex 9.5 58.0622 4
      vertex 10.565 55.1734 4
    endloop
  endfacet
  facet normal -0 0 1
    outer loop
      vertex 8.73867 57.5535 4
      vertex 10.565 55.1734 4
      vertex 9.5 58.0622 4
    endloop
  endfacet
  facet normal 0 0 1
    outer loop
      vertex 10.565 55.1734 4
      vertex 8.73867 57.5535 4
      vertex 10.1716 54.8284 4
    endloop
  endfacet
  facet normal -0 0 1
    outer loop
      vertex 8.05025 56.9497 4
      vertex 10.1716 54.8284 4
      vertex 8.73867 57.5535 4
    endloop
  endfacet
  facet normal 0 0 1
    outer loop
      vertex 10.1716 54.8284 4
      vertex 8.05025 56.9497 4
      vertex 9.82659 54.435 4
    endloop
  endfacet
  facet normal -0 0 1
    outer loop
      vertex 7.44653 56.2613 4
      vertex 9.82659 54.435 4
      vertex 8.05025 56.9497 4
    endloop
  endfacet
  facet normal 0 0 1
    outer loop
      vertex 9.82659 54.435 4
      vertex 7.44653 56.2613 4
      vertex 9.5359 54 4
    endloop
  endfacet
  facet normal 0 0 1
    outer loop
      vertex 9.5359 54 4
      vertex 6.93782 55.5 4
      vertex 9.30448 53.5307 4
    endloop
  endfacet
  facet normal -0 0 1
    outer loop
      vertex 6.93782 55.5 4
      vertex 9.5359 54 4
      vertex 7.44653 56.2613 4
    endloop
  endfacet
  facet normal 0 0 1
    outer loop
      vertex 17 52 4
      vertex 20 52 4
      vertex 19.9401 52.9137 4
    endloop
  endfacet
  facet normal 0 0 1
    outer loop
      vertex 16.9658 52.5221 4
      vertex 19.9401 52.9137 4
      vertex 19.7615 53.8117 4
    endloop
  endfacet
  facet normal 0 0 1
    outer loop
      vertex 16.9658 52.5221 4
      vertex 19.7615 53.8117 4
      vertex 19.4672 54.6788 4
    endloop
  endfacet
  facet normal 0 0 1
    outer loop
      vertex 16.9658 52.5221 4
      vertex 19.4672 54.6788 4
      vertex 19.0622 55.5 4
    endloop
  endfacet
  facet normal 0 0 1
    outer loop
      vertex 16.9658 52.5221 4
      vertex 19.0622 55.5 4
      vertex 18.5535 56.2613 4
    endloop
  endfacet
  facet normal 0 0 1
    outer loop
      vertex 16.9658 52.5221 4
      vertex 18.5535 56.2613 4
      vertex 17.9497 56.9497 4
    endloop
  endfacet
  facet normal 0 0 1
    outer loop
      vertex 15.8284 54.8284 4
      vertex 17.9497 56.9497 4
      vertex 17.2613 57.5535 4
    endloop
  endfacet
  facet normal 0 0 1
    outer loop
      vertex 20 52 4
      vertex 17 52 4
      vertex 16.9658 51.4779 4
    endloop
  endfacet
  facet normal 0 0 1
    outer loop
      vertex 20 52 4
      vertex 16.9658 51.4779 4
      vertex 16.8637 50.9647 4
    endloop
  endfacet
  facet normal 0 0 1
    outer loop
      vertex 20 52 4
      vertex 16.8637 50.9647 4
      vertex 16.6955 50.4693 4
    endloop
  endfacet
  facet normal 0 0 1
    outer loop
      vertex 16.4641 50 4
      vertex 20 52 4
      vertex 16.6955 50.4693 4
    endloop
  endfacet
  facet normal 0 0 1
    outer loop
      vertex 20 52 4
      vertex 16.4641 50 4
      vertex 20 44 4
    endloop
  endfacet
  facet normal -0 0 1
    outer loop
      vertex 16.1734 49.565 4
      vertex 20 44 4
      vertex 16.4641 50 4
    endloop
  endfacet
  facet normal -0 0 1
    outer loop
      vertex 15.8284 49.1716 4
      vertex 20 44 4
      vertex 16.1734 49.565 4
    endloop
  endfacet
  facet normal -0 0 1
    outer loop
      vertex 15.435 48.8266 4
      vertex 20 44 4
      vertex 15.8284 49.1716 4
    endloop
  endfacet
  facet normal -0 0 1
    outer loop
      vertex 15 48.5359 4
      vertex 20 44 4
      vertex 15.435 48.8266 4
    endloop
  endfacet
  facet normal -0 0 1
    outer loop
      vertex 14.5307 48.3045 4
      vertex 20 44 4
      vertex 15 48.5359 4
    endloop
  endfacet
  facet normal -0 0 1
    outer loop
      vertex 14.0353 48.1363 4
      vertex 20 44 4
      vertex 14.5307 48.3045 4
    endloop
  endfacet
  facet normal -0 0 1
    outer loop
      vertex 13.5221 48.0342 4
      vertex 20 44 4
      vertex 14.0353 48.1363 4
    endloop
  endfacet
  facet normal -0 0 1
    outer loop
      vertex 13 48 4
      vertex 20 44 4
      vertex 13.5221 48.0342 4
    endloop
  endfacet
  facet normal 0 0 1
    outer loop
      vertex 6 44 4
      vertex 13 48 4
      vertex 12.4779 48.0342 4
    endloop
  endfacet
  facet normal 0 0 1
    outer loop
      vertex 6 44 4
      vertex 12.4779 48.0342 4
      vertex 11.9647 48.1363 4
    endloop
  endfacet
  facet normal 0 0 1
    outer loop
      vertex 6 44 4
      vertex 11.9647 48.1363 4
      vertex 11.4693 48.3045 4
    endloop
  endfacet
  facet normal 0 0 1
    outer loop
      vertex 6 44 4
      vertex 11.4693 48.3045 4
      vertex 11 48.5359 4
    endloop
  endfacet
  facet normal -0 0 1
    outer loop
      vertex 6.53284 54.6788 4
      vertex 9.30448 53.5307 4
      vertex 6.93782 55.5 4
    endloop
  endfacet
  facet normal 0 0 1
    outer loop
      vertex 9.30448 53.5307 4
      vertex 6.53284 54.6788 4
      vertex 9.1363 53.0353 4
    endloop
  endfacet
  facet normal -0 0 1
    outer loop
      vertex 6.23852 53.8117 4
      vertex 9.1363 53.0353 4
      vertex 6.53284 54.6788 4
    endloop
  endfacet
  facet normal 0 0 1
    outer loop
      vertex 9.1363 53.0353 4
      vertex 6.23852 53.8117 4
      vertex 9.03422 52.5221 4
    endloop
  endfacet
  facet normal -0 0 1
    outer loop
      vertex 6.05989 52.9137 4
      vertex 9.03422 52.5221 4
      vertex 6.23852 53.8117 4
    endloop
  endfacet
  facet normal 0 0 1
    outer loop
      vertex 9.03422 52.5221 4
      vertex 6.05989 52.9137 4
      vertex 9 52 4
    endloop
  endfacet
  facet normal 0 0 1
    outer loop
      vertex 6 52 4
      vertex 9 52 4
      vertex 6.05989 52.9137 4
    endloop
  endfacet
  facet normal 0 0 1
    outer loop
      vertex 9 52 4
      vertex 6 52 4
      vertex 9.03422 51.4779 4
    endloop
  endfacet
  facet normal 0 0 1
    outer loop
      vertex 9.03422 51.4779 4
      vertex 6 52 4
      vertex 9.1363 50.9647 4
    endloop
  endfacet
  facet normal 0 0 1
    outer loop
      vertex 9.1363 50.9647 4
      vertex 6 52 4
      vertex 9.30448 50.4693 4
    endloop
  endfacet
  facet normal 0 0 1
    outer loop
      vertex 9.30448 50.4693 4
      vertex 6 52 4
      vertex 9.5359 50 4
    endloop
  endfacet
  facet normal 0 0 1
    outer loop
      vertex 6 44 4
      vertex 9.5359 50 4
      vertex 6 52 4
    endloop
  endfacet
  facet normal 0 0 1
    outer loop
      vertex 9.5359 50 4
      vertex 6 44 4
      vertex 9.82659 49.565 4
    endloop
  endfacet
  facet normal 0 0 1
    outer loop
      vertex 9.82659 49.565 4
      vertex 6 44 4
      vertex 10.1716 49.1716 4
    endloop
  endfacet
  facet normal 0 0 1
    outer loop
      vertex 13 48 4
      vertex 6 44 4
      vertex 20 44 4
    endloop
  endfacet
  facet normal 0 0 1
    outer loop
      vertex 10.565 48.8266 4
      vertex 6 44 4
      vertex 11 48.5359 4
    endloop
  endfacet
  facet normal 0 0 1
    outer loop
      vertex 10.1716 49.1716 4
      vertex 6 44 4
      vertex 10.565 48.8266 4
    endloop
  endfacet
  facet normal 0 0 1
    outer loop
      vertex 17 52 4
      vertex 16.99 52.0014 4
      vertex 16.9901 52 4
    endloop
  endfacet
  facet normal 0 0 1
    outer loop
      vertex 16.9658 52.5221 4
      vertex 16.99 52.0014 4
      vertex 17 52 4
    endloop
  endfacet
  facet normal 0 0 1
    outer loop
      vertex 16.9658 52.5221 4
      vertex 16.9559 52.5208 4
      vertex 16.99 52.0014 4
    endloop
  endfacet
  facet normal -0 0 1
    outer loop
      vertex 16.8544 53.0313 4
      vertex 16.9658 52.5221 4
      vertex 16.8637 53.0353 4
    endloop
  endfacet
  facet normal 0 0 1
    outer loop
      vertex 16.9658 52.5221 4
      vertex 16.8544 53.0313 4
      vertex 16.9559 52.5208 4
    endloop
  endfacet
  facet normal 0 0 1
    outer loop
      vertex 16.8637 53.0353 4
      vertex 16.8541 53.0327 4
      vertex 16.8544 53.0313 4
    endloop
  endfacet
  facet normal 0 0 1
    outer loop
      vertex 16.8637 53.0353 4
      vertex 16.8536 53.0341 4
      vertex 16.8541 53.0327 4
    endloop
  endfacet
  facet normal 0 0 1
    outer loop
      vertex 16.6955 53.5307 4
      vertex 16.8536 53.0341 4
      vertex 16.8637 53.0353 4
    endloop
  endfacet
  facet normal 0 0 1
    outer loop
      vertex 16.6955 53.5307 4
      vertex 16.6863 53.5269 4
      vertex 16.8536 53.0341 4
    endloop
  endfacet
  facet normal 0 0 1
    outer loop
      vertex 16.6955 53.5307 4
      vertex 16.6857 53.5282 4
      vertex 16.6863 53.5269 4
    endloop
  endfacet
  facet normal 0 0 1
    outer loop
      vertex 16.4641 54 4
      vertex 16.6857 53.5282 4
      vertex 16.6955 53.5307 4
    endloop
  endfacet
  facet normal 0 0 1
    outer loop
      vertex 16.4641 54 4
      vertex 16.4555 53.995 4
      vertex 16.6857 53.5282 4
    endloop
  endfacet
  facet normal -0 0 1
    outer loop
      vertex 16.1663 54.4278 4
      vertex 16.4641 54 4
      vertex 16.1734 54.435 4
    endloop
  endfacet
  facet normal 0 0 1
    outer loop
      vertex 16.4641 54 4
      vertex 16.1663 54.4278 4
      vertex 16.4555 53.995 4
    endloop
  endfacet
  facet normal 0 0 1
    outer loop
      vertex 16.1734 54.435 4
      vertex 16.1655 54.429 4
      vertex 16.1663 54.4278 4
    endloop
  endfacet
  facet normal -0 0 1
    outer loop
      vertex 15.8223 54.8203 4
      vertex 16.1734 54.435 4
      vertex 15.8284 54.8284 4
    endloop
  endfacet
  facet normal 0 0 1
    outer loop
      vertex 16.1734 54.435 4
      vertex 15.8223 54.8203 4
      vertex 16.1655 54.429 4
    endloop
  endfacet
  facet normal 0 0 1
    outer loop
      vertex 15.8284 54.8284 4
      vertex 15.8214 54.8214 4
      vertex 15.8223 54.8203 4
    endloop
  endfacet
  facet normal 0 0 1
    outer loop
      vertex 15.8284 54.8284 4
      vertex 15.8203 54.8223 4
      vertex 15.8214 54.8214 4
    endloop
  endfacet
  facet normal 0 0 1
    outer loop
      vertex 15.435 55.1734 4
      vertex 15.8203 54.8223 4
      vertex 15.8284 54.8284 4
    endloop
  endfacet
  facet normal 0 0 1
    outer loop
      vertex 15.435 55.1734 4
      vertex 15.429 55.1655 4
      vertex 15.8203 54.8223 4
    endloop
  endfacet
  facet normal 0 0 1
    outer loop
      vertex 15.435 55.1734 4
      vertex 15.4278 55.1663 4
      vertex 15.429 55.1655 4
    endloop
  endfacet
  facet normal 0 0 1
    outer loop
      vertex 15 55.4641 4
      vertex 15.4278 55.1663 4
      vertex 15.435 55.1734 4
    endloop
  endfacet
  facet normal 0 0 1
    outer loop
      vertex 15 55.4641 4
      vertex 14.995 55.4555 4
      vertex 15.4278 55.1663 4
    endloop
  endfacet
  facet normal -0 0 1
    outer loop
      vertex 14.5282 55.6857 4
      vertex 15 55.4641 4
      vertex 14.5307 55.6955 4
    endloop
  endfacet
  facet normal 0 0 1
    outer loop
      vertex 15 55.4641 4
      vertex 14.5282 55.6857 4
      vertex 14.995 55.4555 4
    endloop
  endfacet
  facet normal 0 0 1
    outer loop
      vertex 14.5307 55.6955 4
      vertex 14.5269 55.6863 4
      vertex 14.5282 55.6857 4
    endloop
  endfacet
  facet normal -0 0 1
    outer loop
      vertex 14.0341 55.8536 4
      vertex 14.5307 55.6955 4
      vertex 14.0353 55.8637 4
    endloop
  endfacet
  facet normal 0 0 1
    outer loop
      vertex 14.5307 55.6955 4
      vertex 14.0341 55.8536 4
      vertex 14.5269 55.6863 4
    endloop
  endfacet
  facet normal 0 0 1
    outer loop
      vertex 14.0353 55.8637 4
      vertex 14.0327 55.8541 4
      vertex 14.0341 55.8536 4
    endloop
  endfacet
  facet normal 0 0 1
    outer loop
      vertex 14.0353 55.8637 4
      vertex 14.0313 55.8544 4
      vertex 14.0327 55.8541 4
    endloop
  endfacet
  facet normal 0 0 1
    outer loop
      vertex 13.5221 55.9658 4
      vertex 14.0313 55.8544 4
      vertex 14.0353 55.8637 4
    endloop
  endfacet
  facet normal 0 0 1
    outer loop
      vertex 13.5221 55.9658 4
      vertex 13.5208 55.9559 4
      vertex 14.0313 55.8544 4
    endloop
  endfacet
  facet normal 0 0 1
    outer loop
      vertex 13.5221 55.9658 4
      vertex 13.0014 55.99 4
      vertex 13.5208 55.9559 4
    endloop
  endfacet
  facet normal 0 0 1
    outer loop
      vertex 13 56 4
      vertex 13.0014 55.99 4
      vertex 13.5221 55.9658 4
    endloop
  endfacet
  facet normal 0 0 1
    outer loop
      vertex 13 56 4
      vertex 13 55.9901 4
      vertex 13.0014 55.99 4
    endloop
  endfacet
  facet normal 0 0 1
    outer loop
      vertex 13 56 4
      vertex 12.9986 55.99 4
      vertex 13 55.9901 4
    endloop
  endfacet
  facet normal 0 0 1
    outer loop
      vertex 12.4779 55.9658 4
      vertex 12.9986 55.99 4
      vertex 13 56 4
    endloop
  endfacet
  facet normal 0 0 1
    outer loop
      vertex 12.9986 55.99 4
      vertex 12.4779 55.9658 4
      vertex 12.4792 55.9559 4
    endloop
  endfacet
  facet normal 0 0 1
    outer loop
      vertex 12.4779 55.9658 4
      vertex 11.9687 55.8544 4
      vertex 12.4792 55.9559 4
    endloop
  endfacet
  facet normal -0 0 1
    outer loop
      vertex 11.9647 55.8637 4
      vertex 11.9687 55.8544 4
      vertex 12.4779 55.9658 4
    endloop
  endfacet
  facet normal 0 0 1
    outer loop
      vertex 11.9687 55.8544 4
      vertex 11.9647 55.8637 4
      vertex 11.9673 55.8541 4
    endloop
  endfacet
  facet normal 0 0 1
    outer loop
      vertex 11.9647 55.8637 4
      vertex 11.9659 55.8536 4
      vertex 11.9673 55.8541 4
    endloop
  endfacet
  facet normal 0 0 1
    outer loop
      vertex 11.4693 55.6955 4
      vertex 11.9659 55.8536 4
      vertex 11.9647 55.8637 4
    endloop
  endfacet
  facet normal 0 0 1
    outer loop
      vertex 11.9659 55.8536 4
      vertex 11.4693 55.6955 4
      vertex 11.4731 55.6863 4
    endloop
  endfacet
  facet normal 0 0 1
    outer loop
      vertex 11.4693 55.6955 4
      vertex 11.4718 55.6857 4
      vertex 11.4731 55.6863 4
    endloop
  endfacet
  facet normal 0 0 1
    outer loop
      vertex 11 55.4641 4
      vertex 11.4718 55.6857 4
      vertex 11.4693 55.6955 4
    endloop
  endfacet
  facet normal 0 0 1
    outer loop
      vertex 11.4718 55.6857 4
      vertex 11 55.4641 4
      vertex 11.005 55.4555 4
    endloop
  endfacet
  facet normal 0 0 1
    outer loop
      vertex 11 55.4641 4
      vertex 10.5722 55.1663 4
      vertex 11.005 55.4555 4
    endloop
  endfacet
  facet normal -0 0 1
    outer loop
      vertex 10.565 55.1734 4
      vertex 10.5722 55.1663 4
      vertex 11 55.4641 4
    endloop
  endfacet
  facet normal 0 0 1
    outer loop
      vertex 10.5722 55.1663 4
      vertex 10.565 55.1734 4
      vertex 10.571 55.1655 4
    endloop
  endfacet
  facet normal 0 0 1
    outer loop
      vertex 10.565 55.1734 4
      vertex 10.1797 54.8223 4
      vertex 10.571 55.1655 4
    endloop
  endfacet
  facet normal -0 0 1
    outer loop
      vertex 10.1716 54.8284 4
      vertex 10.1797 54.8223 4
      vertex 10.565 55.1734 4
    endloop
  endfacet
  facet normal 0 0 1
    outer loop
      vertex 10.1797 54.8223 4
      vertex 10.1716 54.8284 4
      vertex 10.1786 54.8214 4
    endloop
  endfacet
  facet normal 0 0 1
    outer loop
      vertex 10.1716 54.8284 4
      vertex 10.1777 54.8203 4
      vertex 10.1786 54.8214 4
    endloop
  endfacet
  facet normal 0 0 1
    outer loop
      vertex 9.82659 54.435 4
      vertex 10.1777 54.8203 4
      vertex 10.1716 54.8284 4
    endloop
  endfacet
  facet normal 0 0 1
    outer loop
      vertex 10.1777 54.8203 4
      vertex 9.82659 54.435 4
      vertex 9.83448 54.429 4
    endloop
  endfacet
  facet normal 0 0 1
    outer loop
      vertex 9.82659 54.435 4
      vertex 9.83368 54.4278 4
      vertex 9.83448 54.429 4
    endloop
  endfacet
  facet normal 0 0 1
    outer loop
      vertex 9.5359 54 4
      vertex 9.83368 54.4278 4
      vertex 9.82659 54.435 4
    endloop
  endfacet
  facet normal 0 0 1
    outer loop
      vertex 9.83368 54.4278 4
      vertex 9.5359 54 4
      vertex 9.54451 53.995 4
    endloop
  endfacet
  facet normal 0 0 1
    outer loop
      vertex 9.5359 54 4
      vertex 9.31431 53.5282 4
      vertex 9.54451 53.995 4
    endloop
  endfacet
  facet normal -0 0 1
    outer loop
      vertex 9.30448 53.5307 4
      vertex 9.31431 53.5282 4
      vertex 9.5359 54 4
    endloop
  endfacet
  facet normal 0 0 1
    outer loop
      vertex 9.31431 53.5282 4
      vertex 9.30448 53.5307 4
      vertex 9.31367 53.5269 4
    endloop
  endfacet
  facet normal 0 0 1
    outer loop
      vertex 9.30448 53.5307 4
      vertex 9.14637 53.0341 4
      vertex 9.31367 53.5269 4
    endloop
  endfacet
  facet normal -0 0 1
    outer loop
      vertex 9.1363 53.0353 4
      vertex 9.14637 53.0341 4
      vertex 9.30448 53.5307 4
    endloop
  endfacet
  facet normal 0 0 1
    outer loop
      vertex 9.14637 53.0341 4
      vertex 9.1363 53.0353 4
      vertex 9.14591 53.0327 4
    endloop
  endfacet
  facet normal 0 0 1
    outer loop
      vertex 9.1363 53.0353 4
      vertex 9.14563 53.0313 4
      vertex 9.14591 53.0327 4
    endloop
  endfacet
  facet normal 0 0 1
    outer loop
      vertex 9.03422 52.5221 4
      vertex 9.14563 53.0313 4
      vertex 9.1363 53.0353 4
    endloop
  endfacet
  facet normal 0 0 1
    outer loop
      vertex 9.14563 53.0313 4
      vertex 9.03422 52.5221 4
      vertex 9.04408 52.5208 4
    endloop
  endfacet
  facet normal 0 0 1
    outer loop
      vertex 9.03422 52.5221 4
      vertex 9.01004 52.0014 4
      vertex 9.04408 52.5208 4
    endloop
  endfacet
  facet normal 0 0 1
    outer loop
      vertex 9 52 4
      vertex 9.01004 52.0014 4
      vertex 9.03422 52.5221 4
    endloop
  endfacet
  facet normal 0 0 1
    outer loop
      vertex 9.01004 52.0014 4
      vertex 9 52 4
      vertex 9.00995 52 4
    endloop
  endfacet
  facet normal 0 0 1
    outer loop
      vertex 16.99 51.9986 4
      vertex 17 52 4
      vertex 16.9901 52 4
    endloop
  endfacet
  facet normal -0 0 1
    outer loop
      vertex 16.99 51.9986 4
      vertex 16.9658 51.4779 4
      vertex 17 52 4
    endloop
  endfacet
  facet normal -0 0 1
    outer loop
      vertex 16.9559 51.4792 4
      vertex 16.9658 51.4779 4
      vertex 16.99 51.9986 4
    endloop
  endfacet
  facet normal 0 0 1
    outer loop
      vertex 16.8544 50.9687 4
      vertex 16.9658 51.4779 4
      vertex 16.9559 51.4792 4
    endloop
  endfacet
  facet normal 0 0 1
    outer loop
      vertex 16.9658 51.4779 4
      vertex 16.8544 50.9687 4
      vertex 16.8637 50.9647 4
    endloop
  endfacet
  facet normal -0 0 1
    outer loop
      vertex 16.8541 50.9673 4
      vertex 16.8637 50.9647 4
      vertex 16.8544 50.9687 4
    endloop
  endfacet
  facet normal -0 0 1
    outer loop
      vertex 16.8536 50.9659 4
      vertex 16.8637 50.9647 4
      vertex 16.8541 50.9673 4
    endloop
  endfacet
  facet normal 0 0 1
    outer loop
      vertex 16.8536 50.9659 4
      vertex 16.6955 50.4693 4
      vertex 16.8637 50.9647 4
    endloop
  endfacet
  facet normal -0 0 1
    outer loop
      vertex 16.6863 50.4731 4
      vertex 16.6955 50.4693 4
      vertex 16.8536 50.9659 4
    endloop
  endfacet
  facet normal -0 0 1
    outer loop
      vertex 16.6857 50.4718 4
      vertex 16.6955 50.4693 4
      vertex 16.6863 50.4731 4
    endloop
  endfacet
  facet normal 0 0 1
    outer loop
      vertex 16.6857 50.4718 4
      vertex 16.4641 50 4
      vertex 16.6955 50.4693 4
    endloop
  endfacet
  facet normal -0 0 1
    outer loop
      vertex 16.4555 50.005 4
      vertex 16.4641 50 4
      vertex 16.6857 50.4718 4
    endloop
  endfacet
  facet normal 0 0 1
    outer loop
      vertex 16.1663 49.5722 4
      vertex 16.4641 50 4
      vertex 16.4555 50.005 4
    endloop
  endfacet
  facet normal 0 0 1
    outer loop
      vertex 16.4641 50 4
      vertex 16.1663 49.5722 4
      vertex 16.1734 49.565 4
    endloop
  endfacet
  facet normal -0 0 1
    outer loop
      vertex 16.1655 49.571 4
      vertex 16.1734 49.565 4
      vertex 16.1663 49.5722 4
    endloop
  endfacet
  facet normal 0 0 1
    outer loop
      vertex 15.8223 49.1797 4
      vertex 16.1734 49.565 4
      vertex 16.1655 49.571 4
    endloop
  endfacet
  facet normal 0 0 1
    outer loop
      vertex 16.1734 49.565 4
      vertex 15.8223 49.1797 4
      vertex 15.8284 49.1716 4
    endloop
  endfacet
  facet normal -0 0 1
    outer loop
      vertex 15.8214 49.1786 4
      vertex 15.8284 49.1716 4
      vertex 15.8223 49.1797 4
    endloop
  endfacet
  facet normal -0 0 1
    outer loop
      vertex 15.8203 49.1777 4
      vertex 15.8284 49.1716 4
      vertex 15.8214 49.1786 4
    endloop
  endfacet
  facet normal 0 0 1
    outer loop
      vertex 15.8203 49.1777 4
      vertex 15.435 48.8266 4
      vertex 15.8284 49.1716 4
    endloop
  endfacet
  facet normal -0 0 1
    outer loop
      vertex 15.429 48.8345 4
      vertex 15.435 48.8266 4
      vertex 15.8203 49.1777 4
    endloop
  endfacet
  facet normal -0 0 1
    outer loop
      vertex 15.4278 48.8337 4
      vertex 15.435 48.8266 4
      vertex 15.429 48.8345 4
    endloop
  endfacet
  facet normal 0 0 1
    outer loop
      vertex 15.4278 48.8337 4
      vertex 15 48.5359 4
      vertex 15.435 48.8266 4
    endloop
  endfacet
  facet normal -0 0 1
    outer loop
      vertex 14.995 48.5445 4
      vertex 15 48.5359 4
      vertex 15.4278 48.8337 4
    endloop
  endfacet
  facet normal 0 0 1
    outer loop
      vertex 14.5282 48.3143 4
      vertex 15 48.5359 4
      vertex 14.995 48.5445 4
    endloop
  endfacet
  facet normal 0 0 1
    outer loop
      vertex 15 48.5359 4
      vertex 14.5282 48.3143 4
      vertex 14.5307 48.3045 4
    endloop
  endfacet
  facet normal -0 0 1
    outer loop
      vertex 14.5269 48.3137 4
      vertex 14.5307 48.3045 4
      vertex 14.5282 48.3143 4
    endloop
  endfacet
  facet normal 0 0 1
    outer loop
      vertex 14.0341 48.1464 4
      vertex 14.5307 48.3045 4
      vertex 14.5269 48.3137 4
    endloop
  endfacet
  facet normal 0 0 1
    outer loop
      vertex 14.5307 48.3045 4
      vertex 14.0341 48.1464 4
      vertex 14.0353 48.1363 4
    endloop
  endfacet
  facet normal -0 0 1
    outer loop
      vertex 14.0327 48.1459 4
      vertex 14.0353 48.1363 4
      vertex 14.0341 48.1464 4
    endloop
  endfacet
  facet normal -0 0 1
    outer loop
      vertex 14.0313 48.1456 4
      vertex 14.0353 48.1363 4
      vertex 14.0327 48.1459 4
    endloop
  endfacet
  facet normal 0 0 1
    outer loop
      vertex 14.0313 48.1456 4
      vertex 13.5221 48.0342 4
      vertex 14.0353 48.1363 4
    endloop
  endfacet
  facet normal -0 0 1
    outer loop
      vertex 13.5208 48.0441 4
      vertex 13.5221 48.0342 4
      vertex 14.0313 48.1456 4
    endloop
  endfacet
  facet normal 0 0 1
    outer loop
      vertex 13.0014 48.01 4
      vertex 13.5221 48.0342 4
      vertex 13.5208 48.0441 4
    endloop
  endfacet
  facet normal 0 0 1
    outer loop
      vertex 13 48 4
      vertex 13.0014 48.01 4
      vertex 13 48.0099 4
    endloop
  endfacet
  facet normal -0 0 1
    outer loop
      vertex 13.0014 48.01 4
      vertex 13 48 4
      vertex 13.5221 48.0342 4
    endloop
  endfacet
  facet normal 0 0 1
    outer loop
      vertex 12.9986 48.01 4
      vertex 13 48 4
      vertex 13 48.0099 4
    endloop
  endfacet
  facet normal -0 0 1
    outer loop
      vertex 12.4779 48.0342 4
      vertex 12.9986 48.01 4
      vertex 12.4792 48.0441 4
    endloop
  endfacet
  facet normal 0 0 1
    outer loop
      vertex 12.9986 48.01 4
      vertex 12.4779 48.0342 4
      vertex 13 48 4
    endloop
  endfacet
  facet normal 0 0 1
    outer loop
      vertex 11.9687 48.1456 4
      vertex 12.4779 48.0342 4
      vertex 12.4792 48.0441 4
    endloop
  endfacet
  facet normal 0 0 1
    outer loop
      vertex 11.9647 48.1363 4
      vertex 11.9687 48.1456 4
      vertex 11.9673 48.1459 4
    endloop
  endfacet
  facet normal 0 0 1
    outer loop
      vertex 11.9687 48.1456 4
      vertex 11.9647 48.1363 4
      vertex 12.4779 48.0342 4
    endloop
  endfacet
  facet normal 0 0 1
    outer loop
      vertex 11.9659 48.1464 4
      vertex 11.9647 48.1363 4
      vertex 11.9673 48.1459 4
    endloop
  endfacet
  facet normal -0 0 1
    outer loop
      vertex 11.4693 48.3045 4
      vertex 11.9659 48.1464 4
      vertex 11.4731 48.3137 4
    endloop
  endfacet
  facet normal 0 0 1
    outer loop
      vertex 11.9659 48.1464 4
      vertex 11.4693 48.3045 4
      vertex 11.9647 48.1363 4
    endloop
  endfacet
  facet normal 0 0 1
    outer loop
      vertex 11.4718 48.3143 4
      vertex 11.4693 48.3045 4
      vertex 11.4731 48.3137 4
    endloop
  endfacet
  facet normal -0 0 1
    outer loop
      vertex 11 48.5359 4
      vertex 11.4718 48.3143 4
      vertex 11.005 48.5445 4
    endloop
  endfacet
  facet normal 0 0 1
    outer loop
      vertex 11.4718 48.3143 4
      vertex 11 48.5359 4
      vertex 11.4693 48.3045 4
    endloop
  endfacet
  facet normal 0 0 1
    outer loop
      vertex 10.5722 48.8337 4
      vertex 11 48.5359 4
      vertex 11.005 48.5445 4
    endloop
  endfacet
  facet normal 0 0 1
    outer loop
      vertex 10.565 48.8266 4
      vertex 10.5722 48.8337 4
      vertex 10.571 48.8345 4
    endloop
  endfacet
  facet normal 0 0 1
    outer loop
      vertex 10.5722 48.8337 4
      vertex 10.565 48.8266 4
      vertex 11 48.5359 4
    endloop
  endfacet
  facet normal 0 0 1
    outer loop
      vertex 10.1797 49.1777 4
      vertex 10.565 48.8266 4
      vertex 10.571 48.8345 4
    endloop
  endfacet
  facet normal 0 0 1
    outer loop
      vertex 10.1716 49.1716 4
      vertex 10.1797 49.1777 4
      vertex 10.1786 49.1786 4
    endloop
  endfacet
  facet normal 0 0 1
    outer loop
      vertex 10.1797 49.1777 4
      vertex 10.1716 49.1716 4
      vertex 10.565 48.8266 4
    endloop
  endfacet
  facet normal 0 0 1
    outer loop
      vertex 10.1777 49.1797 4
      vertex 10.1716 49.1716 4
      vertex 10.1786 49.1786 4
    endloop
  endfacet
  facet normal -0 0 1
    outer loop
      vertex 9.82659 49.565 4
      vertex 10.1777 49.1797 4
      vertex 9.83448 49.571 4
    endloop
  endfacet
  facet normal 0 0 1
    outer loop
      vertex 10.1777 49.1797 4
      vertex 9.82659 49.565 4
      vertex 10.1716 49.1716 4
    endloop
  endfacet
  facet normal 0 0 1
    outer loop
      vertex 9.83368 49.5722 4
      vertex 9.82659 49.565 4
      vertex 9.83448 49.571 4
    endloop
  endfacet
  facet normal -0 0 1
    outer loop
      vertex 9.5359 50 4
      vertex 9.83368 49.5722 4
      vertex 9.54451 50.005 4
    endloop
  endfacet
  facet normal 0 0 1
    outer loop
      vertex 9.83368 49.5722 4
      vertex 9.5359 50 4
      vertex 9.82659 49.565 4
    endloop
  endfacet
  facet normal 0 0 1
    outer loop
      vertex 9.31431 50.4718 4
      vertex 9.5359 50 4
      vertex 9.54451 50.005 4
    endloop
  endfacet
  facet normal 0 0 1
    outer loop
      vertex 9.30448 50.4693 4
      vertex 9.31431 50.4718 4
      vertex 9.31367 50.4731 4
    endloop
  endfacet
  facet normal 0 0 1
    outer loop
      vertex 9.31431 50.4718 4
      vertex 9.30448 50.4693 4
      vertex 9.5359 50 4
    endloop
  endfacet
  facet normal 0 0 1
    outer loop
      vertex 9.14637 50.9659 4
      vertex 9.30448 50.4693 4
      vertex 9.31367 50.4731 4
    endloop
  endfacet
  facet normal 0 0 1
    outer loop
      vertex 9.1363 50.9647 4
      vertex 9.14637 50.9659 4
      vertex 9.14591 50.9673 4
    endloop
  endfacet
  facet normal 0 0 1
    outer loop
      vertex 9.14637 50.9659 4
      vertex 9.1363 50.9647 4
      vertex 9.30448 50.4693 4
    endloop
  endfacet
  facet normal 0 0 1
    outer loop
      vertex 9.14563 50.9687 4
      vertex 9.1363 50.9647 4
      vertex 9.14591 50.9673 4
    endloop
  endfacet
  facet normal -0 0 1
    outer loop
      vertex 9.03422 51.4779 4
      vertex 9.14563 50.9687 4
      vertex 9.04408 51.4792 4
    endloop
  endfacet
  facet normal 0 0 1
    outer loop
      vertex 9.14563 50.9687 4
      vertex 9.03422 51.4779 4
      vertex 9.1363 50.9647 4
    endloop
  endfacet
  facet normal 0 0 1
    outer loop
      vertex 9.01004 51.9986 4
      vertex 9.03422 51.4779 4
      vertex 9.04408 51.4792 4
    endloop
  endfacet
  facet normal -0 0 1
    outer loop
      vertex 9 52 4
      vertex 9.01004 51.9986 4
      vertex 9.00995 52 4
    endloop
  endfacet
  facet normal 0 0 1
    outer loop
      vertex 9.01004 51.9986 4
      vertex 9 52 4
      vertex 9.03422 51.4779 4
    endloop
  endfacet
  facet normal 1 -0 0
    outer loop
      vertex 20 44 4
      vertex 20 52 0
      vertex 20 52 4
    endloop
  endfacet
  facet normal 1 0 0
    outer loop
      vertex 20 52 0
      vertex 20 44 4
      vertex 20 44 0
    endloop
  endfacet
  facet normal 0 1 -0
    outer loop
      vertex 26 44 0
      vertex 20 44 4
      vertex 26 44 5
    endloop
  endfacet
  facet normal 0 1 0
    outer loop
      vertex 20 44 4
      vertex 26 44 0
      vertex 20 44 0
    endloop
  endfacet
  facet normal 0 1 -0
    outer loop
      vertex 20 44 4
      vertex 0 44 50.0333
      vertex 26 44 5
    endloop
  endfacet
  facet normal 0 1 -0
    outer loop
      vertex 6 44 4
      vertex 0 44 50.0333
      vertex 20 44 4
    endloop
  endfacet
  facet normal 0 1 0
    outer loop
      vertex 0 44 50.0333
      vertex 6 44 4
      vertex -4 44 50.0333
    endloop
  endfacet
  facet normal 0 1 0
    outer loop
      vertex -4 44 0
      vertex 6 44 4
      vertex 6 44 0
    endloop
  endfacet
  facet normal 0 1 0
    outer loop
      vertex 6 44 4
      vertex -4 44 0
      vertex -4 44 50.0333
    endloop
  endfacet
  facet normal -1 0 0
    outer loop
      vertex 6 44 0
      vertex 6 52 4
      vertex 6 52 0
    endloop
  endfacet
  facet normal -1 -0 0
    outer loop
      vertex 6 52 4
      vertex 6 44 0
      vertex 6 44 4
    endloop
  endfacet
  facet normal -0.65939 0.751801 0
    outer loop
      vertex 8.73867 57.5535 0
      vertex 8.05025 56.9497 4
      vertex 8.73867 57.5535 4
    endloop
  endfacet
  facet normal -0.65939 0.751801 0
    outer loop
      vertex 8.05025 56.9497 4
      vertex 8.73867 57.5535 0
      vertex 8.05025 56.9497 0
    endloop
  endfacet
  facet normal 0.831462 0.555582 0
    outer loop
      vertex 19.0622 55.5 4
      vertex 18.5535 56.2613 0
      vertex 18.5535 56.2613 4
    endloop
  endfacet
  facet normal 0.831462 0.555582 0
    outer loop
      vertex 18.5535 56.2613 0
      vertex 19.0622 55.5 4
      vertex 19.0622 55.5 0
    endloop
  endfacet
  facet normal -0.896869 0.442297 0
    outer loop
      vertex 6.53284 54.6788 0
      vertex 6.93782 55.5 4
      vertex 6.93782 55.5 0
    endloop
  endfacet
  facet normal -0.896869 0.442297 0
    outer loop
      vertex 6.93782 55.5 4
      vertex 6.53284 54.6788 0
      vertex 6.53284 54.6788 4
    endloop
  endfacet
  facet normal -0.442314 0.89686 0
    outer loop
      vertex 10.3212 58.4672 0
      vertex 9.5 58.0622 4
      vertex 10.3212 58.4672 4
    endloop
  endfacet
  facet normal -0.442314 0.89686 0
    outer loop
      vertex 9.5 58.0622 4
      vertex 10.3212 58.4672 0
      vertex 9.5 58.0622 0
    endloop
  endfacet
  facet normal 0.659401 0.751791 -0
    outer loop
      vertex 17.9497 56.9497 0
      vertex 17.2613 57.5535 4
      vertex 17.9497 56.9497 4
    endloop
  endfacet
  facet normal 0.659401 0.751791 0
    outer loop
      vertex 17.2613 57.5535 4
      vertex 17.9497 56.9497 0
      vertex 17.2613 57.5535 0
    endloop
  endfacet
  facet normal -0.831457 0.55559 0
    outer loop
      vertex 6.93782 55.5 0
      vertex 7.44653 56.2613 4
      vertex 7.44653 56.2613 0
    endloop
  endfacet
  facet normal -0.831457 0.55559 0
    outer loop
      vertex 7.44653 56.2613 4
      vertex 6.93782 55.5 0
      vertex 6.93782 55.5 4
    endloop
  endfacet
  facet normal -0.751835 0.659352 0
    outer loop
      vertex 7.44653 56.2613 0
      vertex 8.05025 56.9497 4
      vertex 8.05025 56.9497 0
    endloop
  endfacet
  facet normal -0.751835 0.659352 0
    outer loop
      vertex 8.05025 56.9497 4
      vertex 7.44653 56.2613 0
      vertex 7.44653 56.2613 4
    endloop
  endfacet
  facet normal -0.946937 0.321419 0
    outer loop
      vertex 6.23852 53.8117 0
      vertex 6.53284 54.6788 4
      vertex 6.53284 54.6788 0
    endloop
  endfacet
  facet normal -0.946937 0.321419 0
    outer loop
      vertex 6.53284 54.6788 4
      vertex 6.23852 53.8117 0
      vertex 6.23852 53.8117 4
    endloop
  endfacet
  facet normal -0.555567 0.831472 0
    outer loop
      vertex 9.5 58.0622 0
      vertex 8.73867 57.5535 4
      vertex 9.5 58.0622 4
    endloop
  endfacet
  facet normal -0.555567 0.831472 0
    outer loop
      vertex 8.73867 57.5535 4
      vertex 9.5 58.0622 0
      vertex 8.73867 57.5535 0
    endloop
  endfacet
  facet normal -0.3214 0.946944 0
    outer loop
      vertex 11.1883 58.7615 0
      vertex 10.3212 58.4672 4
      vertex 11.1883 58.7615 4
    endloop
  endfacet
  facet normal -0.3214 0.946944 0
    outer loop
      vertex 10.3212 58.4672 4
      vertex 11.1883 58.7615 0
      vertex 10.3212 58.4672 0
    endloop
  endfacet
  facet normal 0.555582 0.831462 -0
    outer loop
      vertex 17.2613 57.5535 0
      vertex 16.5 58.0622 4
      vertex 17.2613 57.5535 4
    endloop
  endfacet
  facet normal 0.555582 0.831462 0
    outer loop
      vertex 16.5 58.0622 4
      vertex 17.2613 57.5535 0
      vertex 16.5 58.0622 0
    endloop
  endfacet
  facet normal -0.0654172 0.997858 0
    outer loop
      vertex 13 59 0
      vertex 12.0863 58.9401 4
      vertex 13 59 4
    endloop
  endfacet
  facet normal -0.0654172 0.997858 0
    outer loop
      vertex 12.0863 58.9401 4
      vertex 13 59 0
      vertex 12.0863 58.9401 0
    endloop
  endfacet
  facet normal 0.946944 0.3214 0
    outer loop
      vertex 19.7615 53.8117 4
      vertex 19.4672 54.6788 0
      vertex 19.4672 54.6788 4
    endloop
  endfacet
  facet normal 0.946944 0.3214 0
    outer loop
      vertex 19.4672 54.6788 0
      vertex 19.7615 53.8117 4
      vertex 19.7615 53.8117 0
    endloop
  endfacet
  facet normal 0.751791 0.659401 0
    outer loop
      vertex 18.5535 56.2613 4
      vertex 17.9497 56.9497 0
      vertex 17.9497 56.9497 4
    endloop
  endfacet
  facet normal 0.751791 0.659401 0
    outer loop
      vertex 17.9497 56.9497 0
      vertex 18.5535 56.2613 4
      vertex 18.5535 56.2613 0
    endloop
  endfacet
  facet normal 0.3214 0.946944 -0
    outer loop
      vertex 15.6788 58.4672 0
      vertex 14.8117 58.7615 4
      vertex 15.6788 58.4672 4
    endloop
  endfacet
  facet normal 0.3214 0.946944 0
    outer loop
      vertex 14.8117 58.7615 4
      vertex 15.6788 58.4672 0
      vertex 14.8117 58.7615 0
    endloop
  endfacet
  facet normal -0.195066 0.98079 0
    outer loop
      vertex 12.0863 58.9401 0
      vertex 11.1883 58.7615 4
      vertex 12.0863 58.9401 4
    endloop
  endfacet
  facet normal -0.195066 0.98079 0
    outer loop
      vertex 11.1883 58.7615 4
      vertex 12.0863 58.9401 0
      vertex 11.1883 58.7615 0
    endloop
  endfacet
  facet normal 0.98079 0.195066 0
    outer loop
      vertex 19.9401 52.9137 4
      vertex 19.7615 53.8117 0
      vertex 19.7615 53.8117 4
    endloop
  endfacet
  facet normal 0.98079 0.195066 0
    outer loop
      vertex 19.7615 53.8117 0
      vertex 19.9401 52.9137 4
      vertex 19.9401 52.9137 0
    endloop
  endfacet
  facet normal 0.997858 0.0654172 0
    outer loop
      vertex 20 52 4
      vertex 19.9401 52.9137 0
      vertex 19.9401 52.9137 4
    endloop
  endfacet
  facet normal 0.997858 0.0654172 0
    outer loop
      vertex 19.9401 52.9137 0
      vertex 20 52 4
      vertex 20 52 0
    endloop
  endfacet
  facet normal 0.89686 0.442314 0
    outer loop
      vertex 19.4672 54.6788 4
      vertex 19.0622 55.5 0
      vertex 19.0622 55.5 4
    endloop
  endfacet
  facet normal 0.89686 0.442314 0
    outer loop
      vertex 19.0622 55.5 0
      vertex 19.4672 54.6788 4
      vertex 19.4672 54.6788 0
    endloop
  endfacet
  facet normal 0.442314 0.89686 -0
    outer loop
      vertex 16.5 58.0622 0
      vertex 15.6788 58.4672 4
      vertex 16.5 58.0622 4
    endloop
  endfacet
  facet normal 0.442314 0.89686 0
    outer loop
      vertex 15.6788 58.4672 4
      vertex 16.5 58.0622 0
      vertex 15.6788 58.4672 0
    endloop
  endfacet
  facet normal 0.0654172 0.997858 -0
    outer loop
      vertex 13.9137 58.9401 0
      vertex 13 59 4
      vertex 13.9137 58.9401 4
    endloop
  endfacet
  facet normal 0.0654172 0.997858 0
    outer loop
      vertex 13 59 4
      vertex 13.9137 58.9401 0
      vertex 13 59 0
    endloop
  endfacet
  facet normal 0.195066 0.98079 -0
    outer loop
      vertex 14.8117 58.7615 0
      vertex 13.9137 58.9401 4
      vertex 14.8117 58.7615 4
    endloop
  endfacet
  facet normal 0.195066 0.98079 0
    outer loop
      vertex 13.9137 58.9401 4
      vertex 14.8117 58.7615 0
      vertex 13.9137 58.9401 0
    endloop
  endfacet
  facet normal -0 0 1
    outer loop
      vertex -4 44 50.0333
      vertex 0 0 50.0333
      vertex 0 44 50.0333
    endloop
  endfacet
  facet normal 0 0 1
    outer loop
      vertex 0 0 50.0333
      vertex -4 44 50.0333
      vertex -4 0 50.0333
    endloop
  endfacet
  facet normal 0.865979 -0.000228664 0.500081
    outer loop
      vertex 17.3301 24.5 20.0167
      vertex 18.9184 23.2393 17.2657
      vertex 19 23.25 17.1244
    endloop
  endfacet
  facet normal 0.865926 -0.000737313 0.500171
    outer loop
      vertex 17.6194 23.9134 19.5156
      vertex 18.8382 23.2074 17.4045
      vertex 18.9184 23.2393 17.2657
    endloop
  endfacet
  facet normal 0.866059 0.000176746 0.499942
    outer loop
      vertex 17.6194 23.9134 19.5156
      vertex 18.7608 23.1549 17.5386
      vertex 18.8382 23.2074 17.4045
    endloop
  endfacet
  facet normal 0.866056 0.000158047 0.499947
    outer loop
      vertex 17.6194 23.9134 19.5156
      vertex 18.6875 23.0825 17.6656
      vertex 18.7608 23.1549 17.5386
    endloop
  endfacet
  facet normal 0.866028 0.000105215 0.499995
    outer loop
      vertex 17.8296 23.2941 19.1515
      vertex 18.6195 22.9917 17.7834
      vertex 18.6875 23.0825 17.6656
    endloop
  endfacet
  facet normal 0.866038 0.000212199 0.499978
    outer loop
      vertex 17.8296 23.2941 19.1515
      vertex 18.5581 22.8839 17.8898
      vertex 18.6195 22.9917 17.7834
    endloop
  endfacet
  facet normal 0.866031 0.000162435 0.49999
    outer loop
      vertex 17.8296 23.2941 19.1515
      vertex 18.5042 22.761 17.9832
      vertex 18.5581 22.8839 17.8898
    endloop
  endfacet
  facet normal 0.865996 -1.5794e-05 0.500051
    outer loop
      vertex 17.9572 22.6526 18.9305
      vertex 18.5042 22.761 17.9832
      vertex 17.8296 23.2941 19.1515
    endloop
  endfacet
  facet normal 0.866014 -0.00038333 0.500019
    outer loop
      vertex 17.9572 22.6526 18.9305
      vertex 18.4587 22.625 18.0619
      vertex 18.5042 22.761 17.9832
    endloop
  endfacet
  facet normal 0.866023 0.000251222 0.500004
    outer loop
      vertex 17.9572 22.6526 18.9305
      vertex 18.4226 22.4784 18.1245
      vertex 18.4587 22.625 18.0619
    endloop
  endfacet
  facet normal 0.865986 -0.00014414 0.500068
    outer loop
      vertex 17.9572 22.6526 18.9305
      vertex 18.3963 22.3235 18.17
      vertex 18.4226 22.4784 18.1245
    endloop
  endfacet
  facet normal 0.866017 2.21865e-05 0.500014
    outer loop
      vertex 18 22 18.8564
      vertex 18.3963 22.3235 18.17
      vertex 17.9572 22.6526 18.9305
    endloop
  endfacet
  facet normal 0.866099 -0.000381387 0.499872
    outer loop
      vertex 18.3963 22.3235 18.17
      vertex 18 22 18.8564
      vertex 18.3803 22.1632 18.1976
    endloop
  endfacet
  facet normal 0.866019 0.000368881 0.500011
    outer loop
      vertex 18 22 18.8564
      vertex 18.375 22 18.2069
      vertex 18.3803 22.1632 18.1976
    endloop
  endfacet
  facet normal 0.866019 -0.000368881 0.500011
    outer loop
      vertex 18 22 18.8564
      vertex 18.3803 21.8368 18.1976
      vertex 18.375 22 18.2069
    endloop
  endfacet
  facet normal 0.866099 0.000381387 0.499872
    outer loop
      vertex 18 22 18.8564
      vertex 18.3963 21.6765 18.17
      vertex 18.3803 21.8368 18.1976
    endloop
  endfacet
  facet normal 0.866017 -2.21865e-05 0.500014
    outer loop
      vertex 17.9572 21.3474 18.9305
      vertex 18.3963 21.6765 18.17
      vertex 18 22 18.8564
    endloop
  endfacet
  facet normal 0.865986 0.00014414 0.500068
    outer loop
      vertex 18.3963 21.6765 18.17
      vertex 17.9572 21.3474 18.9305
      vertex 18.4226 21.5216 18.1245
    endloop
  endfacet
  facet normal 0.866023 -0.000251222 0.500004
    outer loop
      vertex 18.4226 21.5216 18.1245
      vertex 17.9572 21.3474 18.9305
      vertex 18.4587 21.375 18.0619
    endloop
  endfacet
  facet normal 0.866014 0.00038333 0.500019
    outer loop
      vertex 17.9572 21.3474 18.9305
      vertex 18.5042 21.239 17.9832
      vertex 18.4587 21.375 18.0619
    endloop
  endfacet
  facet normal 0.865996 1.5794e-05 0.500051
    outer loop
      vertex 17.8296 20.7059 19.1515
      vertex 18.5042 21.239 17.9832
      vertex 17.9572 21.3474 18.9305
    endloop
  endfacet
  facet normal 0.866031 -0.000162435 0.49999
    outer loop
      vertex 18.5042 21.239 17.9832
      vertex 17.8296 20.7059 19.1515
      vertex 18.5581 21.1161 17.8898
    endloop
  endfacet
  facet normal 0.866038 -0.000212199 0.499978
    outer loop
      vertex 18.5581 21.1161 17.8898
      vertex 17.8296 20.7059 19.1515
      vertex 18.6195 21.0083 17.7834
    endloop
  endfacet
  facet normal 0.866028 -0.000105215 0.499995
    outer loop
      vertex 18.6195 21.0083 17.7834
      vertex 17.8296 20.7059 19.1515
      vertex 18.6875 20.9175 17.6656
    endloop
  endfacet
  facet normal 0.86602 2.58931e-05 0.500009
    outer loop
      vertex 17.6194 20.0866 19.5156
      vertex 18.6875 20.9175 17.6656
      vertex 17.8296 20.7059 19.1515
    endloop
  endfacet
  facet normal 0.865926 0.000737313 0.500171
    outer loop
      vertex 18.8382 20.7926 17.4045
      vertex 17.6194 20.0866 19.5156
      vertex 18.9184 20.7607 17.2657
    endloop
  endfacet
  facet normal 0.866059 -0.000176746 0.499942
    outer loop
      vertex 18.7608 20.8451 17.5386
      vertex 17.6194 20.0866 19.5156
      vertex 18.8382 20.7926 17.4045
    endloop
  endfacet
  facet normal 0.866056 -0.000158047 0.499947
    outer loop
      vertex 18.6875 20.9175 17.6656
      vertex 17.6194 20.0866 19.5156
      vertex 18.7608 20.8451 17.5386
    endloop
  endfacet
  facet normal 0.866025 1.47059e-06 0.5
    outer loop
      vertex 0 44 50.0333
      vertex 13 27 27.5167
      vertex 26 44 5
    endloop
  endfacet
  facet normal 0.866019 -1.859e-05 0.500012
    outer loop
      vertex 0 44 50.0333
      vertex 12.3474 26.9572 28.647
      vertex 13 27 27.5167
    endloop
  endfacet
  facet normal 0.866024 -4.6093e-06 0.500003
    outer loop
      vertex 0 44 50.0333
      vertex 11.7059 26.8296 29.7581
      vertex 12.3474 26.9572 28.647
    endloop
  endfacet
  facet normal 0.866032 1.86173e-05 0.499988
    outer loop
      vertex 0 44 50.0333
      vertex 11.0866 26.6194 30.8308
      vertex 11.7059 26.8296 29.7581
    endloop
  endfacet
  facet normal 0.866022 -7.49479e-06 0.500006
    outer loop
      vertex 0 44 50.0333
      vertex 10.5 26.3301 31.8468
      vertex 11.0866 26.6194 30.8308
    endloop
  endfacet
  facet normal 0.866024 -1.88343e-06 0.500002
    outer loop
      vertex 0 44 50.0333
      vertex 9.95619 25.9668 32.7887
      vertex 10.5 26.3301 31.8468
    endloop
  endfacet
  facet normal 0.866028 6.54602e-06 0.499995
    outer loop
      vertex 0 44 50.0333
      vertex 9.46447 25.5355 33.6404
      vertex 9.95619 25.9668 32.7887
    endloop
  endfacet
  facet normal 0.86602 -1.03659e-05 0.50001
    outer loop
      vertex 0 44 50.0333
      vertex 9.03323 25.0438 34.3873
      vertex 9.46447 25.5355 33.6404
    endloop
  endfacet
  facet normal 0.866023 -3.74749e-06 0.500004
    outer loop
      vertex 6.83823 23.2074 38.1891
      vertex 9.03323 25.0438 34.3873
      vertex 0 44 50.0333
    endloop
  endfacet
  facet normal 0.86575 0.0012981 0.500475
    outer loop
      vertex 6.91842 23.2393 38.0503
      vertex 9.03323 25.0438 34.3873
      vertex 6.83823 23.2074 38.1891
    endloop
  endfacet
  facet normal 0.866024 7.1516e-06 0.500002
    outer loop
      vertex 7 23.25 37.909
      vertex 8.66987 24.5 35.0167
      vertex 6.91842 23.2393 38.0503
    endloop
  endfacet
  facet normal 0.866034 -4.27494e-05 0.499985
    outer loop
      vertex 8.66987 24.5 35.0167
      vertex 7.08158 23.2393 37.7677
      vertex 8.3806 23.9134 35.5177
    endloop
  endfacet
  facet normal 0.866024 5.0191e-06 0.500002
    outer loop
      vertex 7.08158 23.2393 37.7677
      vertex 8.66987 24.5 35.0167
      vertex 7 23.25 37.909
    endloop
  endfacet
  facet normal 0.866012 7.45801e-05 0.500023
    outer loop
      vertex 9.03323 25.0438 34.3873
      vertex 6.91842 23.2393 38.0503
      vertex 8.66987 24.5 35.0167
    endloop
  endfacet
  facet normal 0.866055 3.73639e-05 0.49995
    outer loop
      vertex 0 44 50.0333
      vertex 6.76082 23.1549 38.3232
      vertex 6.83823 23.2074 38.1891
    endloop
  endfacet
  facet normal 0.866033 9.81416e-06 0.499986
    outer loop
      vertex 0 44 50.0333
      vertex 6.6875 23.0825 38.4502
      vertex 6.76082 23.1549 38.3232
    endloop
  endfacet
  facet normal 0.866097 9.07431e-05 0.499877
    outer loop
      vertex 0 44 50.0333
      vertex 6.61952 22.9917 38.568
      vertex 6.6875 23.0825 38.4502
    endloop
  endfacet
  facet normal 0.865934 -0.00011352 0.500157
    outer loop
      vertex 0 44 50.0333
      vertex 6.55805 22.8839 38.6744
      vertex 6.61952 22.9917 38.568
    endloop
  endfacet
  facet normal 0.866083 7.12665e-05 0.4999
    outer loop
      vertex 0 44 50.0333
      vertex 6.50415 22.761 38.7678
      vertex 6.55805 22.8839 38.6744
    endloop
  endfacet
  facet normal 0.866069 5.3418e-05 0.499925
    outer loop
      vertex 0 44 50.0333
      vertex 6.45873 22.625 38.8465
      vertex 6.50415 22.761 38.7678
    endloop
  endfacet
  facet normal 0.865977 -5.76308e-05 0.500084
    outer loop
      vertex 0 44 50.0333
      vertex 6.42257 22.4784 38.9091
      vertex 6.45873 22.625 38.8465
    endloop
  endfacet
  facet normal 0.865994 -3.75066e-05 0.500055
    outer loop
      vertex 0 44 50.0333
      vertex 6.39629 22.3235 38.9546
      vertex 6.42257 22.4784 38.9091
    endloop
  endfacet
  facet normal 0.865974 -6.11536e-05 0.50009
    outer loop
      vertex 0 44 50.0333
      vertex 6.38034 22.1632 38.9822
      vertex 6.39629 22.3235 38.9546
    endloop
  endfacet
  facet normal 0.866146 0.000139977 0.499792
    outer loop
      vertex 0 44 50.0333
      vertex 6.375 22 38.9915
      vertex 6.38034 22.1632 38.9822
    endloop
  endfacet
  facet normal 0.866025 -0 0.500001
    outer loop
      vertex 0 0 50.0333
      vertex 6.375 22 38.9915
      vertex 0 44 50.0333
    endloop
  endfacet
  facet normal 0.866146 -0.000139977 0.499792
    outer loop
      vertex 6.375 22 38.9915
      vertex 0 0 50.0333
      vertex 6.38034 21.8368 38.9822
    endloop
  endfacet
  facet normal 0.865974 6.11536e-05 0.50009
    outer loop
      vertex 6.38034 21.8368 38.9822
      vertex 0 0 50.0333
      vertex 6.39629 21.6765 38.9546
    endloop
  endfacet
  facet normal 0.865994 3.75066e-05 0.500055
    outer loop
      vertex 6.39629 21.6765 38.9546
      vertex 0 0 50.0333
      vertex 6.42257 21.5216 38.9091
    endloop
  endfacet
  facet normal 0.866031 3.11111e-05 0.49999
    outer loop
      vertex 7.3125 20.9175 37.3677
      vertex 8.3806 20.0866 35.5177
      vertex 8.17037 20.7059 35.8818
    endloop
  endfacet
  facet normal 0.866024 -7.1516e-06 0.500002
    outer loop
      vertex 8.66987 19.5 35.0167
      vertex 7 20.75 37.909
      vertex 6.91842 20.7607 38.0503
    endloop
  endfacet
  facet normal 0.86575 -0.0012981 0.500475
    outer loop
      vertex 9.03323 18.9562 34.3873
      vertex 6.91842 20.7607 38.0503
      vertex 6.83823 20.7926 38.1891
    endloop
  endfacet
  facet normal 0.866034 4.27494e-05 0.499985
    outer loop
      vertex 7.08158 20.7607 37.7677
      vertex 8.66987 19.5 35.0167
      vertex 8.3806 20.0866 35.5177
    endloop
  endfacet
  facet normal 0.866055 -3.73639e-05 0.49995
    outer loop
      vertex 0 0 50.0333
      vertex 6.83823 20.7926 38.1891
      vertex 6.76082 20.8451 38.3232
    endloop
  endfacet
  facet normal 0.866012 -7.45801e-05 0.500023
    outer loop
      vertex 6.91842 20.7607 38.0503
      vertex 9.03323 18.9562 34.3873
      vertex 8.66987 19.5 35.0167
    endloop
  endfacet
  facet normal 0.866023 3.74749e-06 0.500004
    outer loop
      vertex 6.83823 20.7926 38.1891
      vertex 0 0 50.0333
      vertex 9.03323 18.9562 34.3873
    endloop
  endfacet
  facet normal 0.866019 1.859e-05 0.500012
    outer loop
      vertex 12.3474 17.0428 28.647
      vertex 0 0 50.0333
      vertex 13 17 27.5167
    endloop
  endfacet
  facet normal 0.866024 4.6093e-06 0.500003
    outer loop
      vertex 11.7059 17.1704 29.7581
      vertex 0 0 50.0333
      vertex 12.3474 17.0428 28.647
    endloop
  endfacet
  facet normal 0.866032 -1.86173e-05 0.499988
    outer loop
      vertex 11.0866 17.3806 30.8308
      vertex 0 0 50.0333
      vertex 11.7059 17.1704 29.7581
    endloop
  endfacet
  facet normal 0.866022 7.49479e-06 0.500006
    outer loop
      vertex 10.5 17.6699 31.8468
      vertex 0 0 50.0333
      vertex 11.0866 17.3806 30.8308
    endloop
  endfacet
  facet normal 0.866024 1.88343e-06 0.500002
    outer loop
      vertex 9.95619 18.0332 32.7887
      vertex 0 0 50.0333
      vertex 10.5 17.6699 31.8468
    endloop
  endfacet
  facet normal 0.866028 -6.54602e-06 0.499995
    outer loop
      vertex 9.46447 18.4645 33.6404
      vertex 0 0 50.0333
      vertex 9.95619 18.0332 32.7887
    endloop
  endfacet
  facet normal 0.86602 1.03659e-05 0.50001
    outer loop
      vertex 9.03323 18.9562 34.3873
      vertex 0 0 50.0333
      vertex 9.46447 18.4645 33.6404
    endloop
  endfacet
  facet normal 0.866033 -9.81416e-06 0.499986
    outer loop
      vertex 6.6875 20.9175 38.4502
      vertex 0 0 50.0333
      vertex 6.76082 20.8451 38.3232
    endloop
  endfacet
  facet normal 0.866097 -9.07431e-05 0.499877
    outer loop
      vertex 6.61952 21.0083 38.568
      vertex 0 0 50.0333
      vertex 6.6875 20.9175 38.4502
    endloop
  endfacet
  facet normal 0.865934 0.00011352 0.500157
    outer loop
      vertex 6.55805 21.1161 38.6744
      vertex 0 0 50.0333
      vertex 6.61952 21.0083 38.568
    endloop
  endfacet
  facet normal 0.866083 -7.12665e-05 0.4999
    outer loop
      vertex 6.50415 21.239 38.7678
      vertex 0 0 50.0333
      vertex 6.55805 21.1161 38.6744
    endloop
  endfacet
  facet normal 0.866069 -5.3418e-05 0.499925
    outer loop
      vertex 6.45873 21.375 38.8465
      vertex 0 0 50.0333
      vertex 6.50415 21.239 38.7678
    endloop
  endfacet
  facet normal 0.865977 5.76308e-05 0.500084
    outer loop
      vertex 6.42257 21.5216 38.9091
      vertex 0 0 50.0333
      vertex 6.45873 21.375 38.8465
    endloop
  endfacet
  facet normal 0.866037 -3.43994e-05 0.49998
    outer loop
      vertex 13.6526 26.9572 26.3863
      vertex 26 44 5
      vertex 13 27 27.5167
    endloop
  endfacet
  facet normal 0.866024 4.6093e-06 0.500003
    outer loop
      vertex 14.2941 26.8296 25.2752
      vertex 26 44 5
      vertex 13.6526 26.9572 26.3863
    endloop
  endfacet
  facet normal 0.866032 -1.86173e-05 0.499988
    outer loop
      vertex 14.9134 26.6194 24.2025
      vertex 26 44 5
      vertex 14.2941 26.8296 25.2752
    endloop
  endfacet
  facet normal 0.866022 7.49479e-06 0.500006
    outer loop
      vertex 15.5 26.3301 23.1865
      vertex 26 44 5
      vertex 14.9134 26.6194 24.2025
    endloop
  endfacet
  facet normal 0.866027 -4.89063e-06 0.499997
    outer loop
      vertex 16.0438 25.9668 22.2446
      vertex 26 44 5
      vertex 15.5 26.3301 23.1865
    endloop
  endfacet
  facet normal 0.866034 -1.9972e-05 0.499985
    outer loop
      vertex 16.5355 25.5355 21.3929
      vertex 26 44 5
      vertex 16.0438 25.9668 22.2446
    endloop
  endfacet
  facet normal 0.866001 4.84578e-05 0.500043
    outer loop
      vertex 16.9668 25.0438 20.646
      vertex 26 44 5
      vertex 16.5355 25.5355 21.3929
    endloop
  endfacet
  facet normal 0.865999 -0.000113338 0.500046
    outer loop
      vertex 19.0816 23.2393 16.9831
      vertex 16.9668 25.0438 20.646
      vertex 17.3301 24.5 20.0167
    endloop
  endfacet
  facet normal 0.866018 -2.89525e-05 0.500012
    outer loop
      vertex 18.9184 23.2393 17.2657
      vertex 17.3301 24.5 20.0167
      vertex 17.6194 23.9134 19.5156
    endloop
  endfacet
  facet normal 0.86602 -2.58931e-05 0.500009
    outer loop
      vertex 18.6875 23.0825 17.6656
      vertex 17.6194 23.9134 19.5156
      vertex 17.8296 23.2941 19.1515
    endloop
  endfacet
  facet normal 0.865961 -0.000325811 0.500112
    outer loop
      vertex 17.3301 24.5 20.0167
      vertex 19 23.25 17.1244
      vertex 19.0816 23.2393 16.9831
    endloop
  endfacet
  facet normal 0.865997 -0.000122069 0.500049
    outer loop
      vertex 16.9668 25.0438 20.646
      vertex 19.0816 23.2393 16.9831
      vertex 19.1618 23.2074 16.8442
    endloop
  endfacet
  facet normal 0.866023 4.72739e-06 0.500003
    outer loop
      vertex 16.9668 25.0438 20.646
      vertex 19.1618 23.2074 16.8442
      vertex 26 44 5
    endloop
  endfacet
  facet normal 0.866078 -6.64243e-05 0.49991
    outer loop
      vertex 19.2392 23.1549 16.7101
      vertex 26 44 5
      vertex 19.1618 23.2074 16.8442
    endloop
  endfacet
  facet normal 0.866078 -6.72194e-05 0.499909
    outer loop
      vertex 19.3125 23.0825 16.5831
      vertex 26 44 5
      vertex 19.2392 23.1549 16.7101
    endloop
  endfacet
  facet normal 0.865923 0.000131118 0.500177
    outer loop
      vertex 19.3805 22.9917 16.4654
      vertex 26 44 5
      vertex 19.3125 23.0825 16.5831
    endloop
  endfacet
  facet normal 0.866225 -0.000249688 0.499654
    outer loop
      vertex 19.4419 22.8839 16.3589
      vertex 26 44 5
      vertex 19.3805 22.9917 16.4654
    endloop
  endfacet
  facet normal 0.866083 -7.24673e-05 0.499901
    outer loop
      vertex 19.4958 22.761 16.2655
      vertex 26 44 5
      vertex 19.4419 22.8839 16.3589
    endloop
  endfacet
  facet normal 0.865725 0.000365093 0.50052
    outer loop
      vertex 19.5413 22.625 16.1869
      vertex 26 44 5
      vertex 19.4958 22.761 16.2655
    endloop
  endfacet
  facet normal 0.866295 -0.000323646 0.499533
    outer loop
      vertex 19.5774 22.4784 16.1242
      vertex 26 44 5
      vertex 19.5413 22.625 16.1869
    endloop
  endfacet
  facet normal 0.865933 0.000108358 0.50016
    outer loop
      vertex 19.6037 22.3235 16.0787
      vertex 26 44 5
      vertex 19.5774 22.4784 16.1242
    endloop
  endfacet
  facet normal 0.865802 0.000263046 0.500386
    outer loop
      vertex 19.6197 22.1632 16.0511
      vertex 26 44 5
      vertex 19.6037 22.3235 16.0787
    endloop
  endfacet
  facet normal 0.86631 -0.000330685 0.499507
    outer loop
      vertex 19.625 22 16.0418
      vertex 26 44 5
      vertex 19.6197 22.1632 16.0511
    endloop
  endfacet
  facet normal 0.86631 0.000330685 0.499507
    outer loop
      vertex 26 0 5
      vertex 19.625 22 16.0418
      vertex 19.6197 21.8368 16.0511
    endloop
  endfacet
  facet normal 0.865802 -0.000263046 0.500386
    outer loop
      vertex 26 0 5
      vertex 19.6197 21.8368 16.0511
      vertex 19.6037 21.6765 16.0787
    endloop
  endfacet
  facet normal 0.865933 -0.000108358 0.50016
    outer loop
      vertex 26 0 5
      vertex 19.6037 21.6765 16.0787
      vertex 19.5774 21.5216 16.1242
    endloop
  endfacet
  facet normal 0.866295 0.000323646 0.499533
    outer loop
      vertex 26 0 5
      vertex 19.5774 21.5216 16.1242
      vertex 19.5413 21.375 16.1869
    endloop
  endfacet
  facet normal 0.866018 2.89525e-05 0.500012
    outer loop
      vertex 17.3301 19.5 20.0167
      vertex 18.9184 20.7607 17.2657
      vertex 17.6194 20.0866 19.5156
    endloop
  endfacet
  facet normal 0.865979 0.000228664 0.500081
    outer loop
      vertex 18.9184 20.7607 17.2657
      vertex 17.3301 19.5 20.0167
      vertex 19 20.75 17.1244
    endloop
  endfacet
  facet normal 0.865961 0.000325811 0.500112
    outer loop
      vertex 19 20.75 17.1244
      vertex 17.3301 19.5 20.0167
      vertex 19.0816 20.7607 16.9831
    endloop
  endfacet
  facet normal 0.865999 0.000113338 0.500046
    outer loop
      vertex 16.9668 18.9562 20.646
      vertex 19.0816 20.7607 16.9831
      vertex 17.3301 19.5 20.0167
    endloop
  endfacet
  facet normal 0.865997 0.000122069 0.500049
    outer loop
      vertex 19.0816 20.7607 16.9831
      vertex 16.9668 18.9562 20.646
      vertex 19.1618 20.7926 16.8442
    endloop
  endfacet
  facet normal 0.866023 -4.72739e-06 0.500003
    outer loop
      vertex 26 0 5
      vertex 19.1618 20.7926 16.8442
      vertex 16.9668 18.9562 20.646
    endloop
  endfacet
  facet normal 0.866001 -4.84578e-05 0.500043
    outer loop
      vertex 26 0 5
      vertex 16.9668 18.9562 20.646
      vertex 16.5355 18.4645 21.3929
    endloop
  endfacet
  facet normal 0.866025 -1.47059e-06 0.5
    outer loop
      vertex 26 0 5
      vertex 13 17 27.5167
      vertex 0 0 50.0333
    endloop
  endfacet
  facet normal 0.866037 3.43994e-05 0.49998
    outer loop
      vertex 13 17 27.5167
      vertex 26 0 5
      vertex 13.6526 17.0428 26.3863
    endloop
  endfacet
  facet normal 0.866024 -4.6093e-06 0.500003
    outer loop
      vertex 13.6526 17.0428 26.3863
      vertex 26 0 5
      vertex 14.2941 17.1704 25.2752
    endloop
  endfacet
  facet normal 0.866032 1.86173e-05 0.499988
    outer loop
      vertex 14.2941 17.1704 25.2752
      vertex 26 0 5
      vertex 14.9134 17.3806 24.2025
    endloop
  endfacet
  facet normal 0.866022 -7.49479e-06 0.500006
    outer loop
      vertex 14.9134 17.3806 24.2025
      vertex 26 0 5
      vertex 15.5 17.6699 23.1865
    endloop
  endfacet
  facet normal 0.866027 4.89063e-06 0.499997
    outer loop
      vertex 15.5 17.6699 23.1865
      vertex 26 0 5
      vertex 16.0438 18.0332 22.2446
    endloop
  endfacet
  facet normal 0.866034 1.9972e-05 0.499985
    outer loop
      vertex 16.0438 18.0332 22.2446
      vertex 26 0 5
      vertex 16.5355 18.4645 21.3929
    endloop
  endfacet
  facet normal 0.866078 6.64243e-05 0.49991
    outer loop
      vertex 19.1618 20.7926 16.8442
      vertex 26 0 5
      vertex 19.2392 20.8451 16.7101
    endloop
  endfacet
  facet normal 0.866025 0 0.500001
    outer loop
      vertex 19.625 22 16.0418
      vertex 26 0 5
      vertex 26 44 5
    endloop
  endfacet
  facet normal 0.865725 -0.000365093 0.50052
    outer loop
      vertex 19.4958 21.239 16.2655
      vertex 26 0 5
      vertex 19.5413 21.375 16.1869
    endloop
  endfacet
  facet normal 0.866083 7.24673e-05 0.499901
    outer loop
      vertex 19.4419 21.1161 16.3589
      vertex 26 0 5
      vertex 19.4958 21.239 16.2655
    endloop
  endfacet
  facet normal 0.866225 0.000249688 0.499654
    outer loop
      vertex 19.3805 21.0083 16.4654
      vertex 26 0 5
      vertex 19.4419 21.1161 16.3589
    endloop
  endfacet
  facet normal 0.865923 -0.000131118 0.500177
    outer loop
      vertex 19.3125 20.9175 16.5831
      vertex 26 0 5
      vertex 19.3805 21.0083 16.4654
    endloop
  endfacet
  facet normal 0.866078 6.72194e-05 0.499909
    outer loop
      vertex 19.2392 20.8451 16.7101
      vertex 26 0 5
      vertex 19.3125 20.9175 16.5831
    endloop
  endfacet
  facet normal 0.866048 -0.000151201 0.499961
    outer loop
      vertex 7.16176 23.2074 37.6288
      vertex 8.3806 23.9134 35.5177
      vertex 7.08158 23.2393 37.7677
    endloop
  endfacet
  facet normal 0.866042 -0.000110382 0.499971
    outer loop
      vertex 7.23917 23.1549 37.4947
      vertex 8.3806 23.9134 35.5177
      vertex 7.16176 23.2074 37.6288
    endloop
  endfacet
  facet normal 0.866017 4.26744e-05 0.500015
    outer loop
      vertex 7.3125 23.0825 37.3677
      vertex 8.3806 23.9134 35.5177
      vertex 7.23917 23.1549 37.4947
    endloop
  endfacet
  facet normal 0.866031 -3.11111e-05 0.49999
    outer loop
      vertex 8.3806 23.9134 35.5177
      vertex 7.3125 23.0825 37.3677
      vertex 8.17037 23.2941 35.8818
    endloop
  endfacet
  facet normal 0.866021 0.000137219 0.500008
    outer loop
      vertex 7.38047 22.9917 37.25
      vertex 8.17037 23.2941 35.8818
      vertex 7.3125 23.0825 37.3677
    endloop
  endfacet
  facet normal 0.866044 -0.000101671 0.499969
    outer loop
      vertex 7.44194 22.8839 37.1435
      vertex 8.17037 23.2941 35.8818
      vertex 7.38047 22.9917 37.25
    endloop
  endfacet
  facet normal 0.866048 -0.000133157 0.499961
    outer loop
      vertex 7.49584 22.761 37.0501
      vertex 8.17037 23.2941 35.8818
      vertex 7.44194 22.8839 37.1435
    endloop
  endfacet
  facet normal 0.86602 1.06023e-05 0.50001
    outer loop
      vertex 7.49584 22.761 37.0501
      vertex 8.04278 22.6526 36.1028
      vertex 8.17037 23.2941 35.8818
    endloop
  endfacet
  facet normal 0.866032 0.000265483 0.499988
    outer loop
      vertex 7.54126 22.625 36.9715
      vertex 8.04278 22.6526 36.1028
      vertex 7.49584 22.761 37.0501
    endloop
  endfacet
  facet normal 0.866039 -0.000222156 0.499977
    outer loop
      vertex 7.57742 22.4784 36.9088
      vertex 8.04278 22.6526 36.1028
      vertex 7.54126 22.625 36.9715
    endloop
  endfacet
  facet normal 0.866013 5.08746e-05 0.500021
    outer loop
      vertex 7.6037 22.3235 36.8633
      vertex 8.04278 22.6526 36.1028
      vertex 7.57742 22.4784 36.9088
    endloop
  endfacet
  facet normal 0.86604 8.73738e-05 0.499976
    outer loop
      vertex 8 22 36.1769
      vertex 7.6037 22.3235 36.8633
      vertex 7.61965 22.1632 36.8357
    endloop
  endfacet
  facet normal 0.866019 -0.000103556 0.500011
    outer loop
      vertex 8 22 36.1769
      vertex 7.61965 22.1632 36.8357
      vertex 7.625 22 36.8264
    endloop
  endfacet
  facet normal 0.866022 3.00593e-06 0.500005
    outer loop
      vertex 7.6037 22.3235 36.8633
      vertex 8 22 36.1769
      vertex 8.04278 22.6526 36.1028
    endloop
  endfacet
  facet normal 0.866019 0.000103556 0.500011
    outer loop
      vertex 7.61965 21.8368 36.8357
      vertex 8 22 36.1769
      vertex 7.625 22 36.8264
    endloop
  endfacet
  facet normal 0.86604 -8.73738e-05 0.499976
    outer loop
      vertex 7.6037 21.6765 36.8633
      vertex 8 22 36.1769
      vertex 7.61965 21.8368 36.8357
    endloop
  endfacet
  facet normal 0.866013 -5.08746e-05 0.500021
    outer loop
      vertex 8.04278 21.3474 36.1028
      vertex 7.6037 21.6765 36.8633
      vertex 7.57742 21.5216 36.9088
    endloop
  endfacet
  facet normal 0.866039 0.000222156 0.499977
    outer loop
      vertex 8.04278 21.3474 36.1028
      vertex 7.57742 21.5216 36.9088
      vertex 7.54126 21.375 36.9715
    endloop
  endfacet
  facet normal 0.866022 -3.00593e-06 0.500005
    outer loop
      vertex 7.6037 21.6765 36.8633
      vertex 8.04278 21.3474 36.1028
      vertex 8 22 36.1769
    endloop
  endfacet
  facet normal 0.866032 -0.000265483 0.499988
    outer loop
      vertex 7.49584 21.239 37.0501
      vertex 8.04278 21.3474 36.1028
      vertex 7.54126 21.375 36.9715
    endloop
  endfacet
  facet normal 0.866048 0.000133157 0.499961
    outer loop
      vertex 8.17037 20.7059 35.8818
      vertex 7.49584 21.239 37.0501
      vertex 7.44194 21.1161 37.1435
    endloop
  endfacet
  facet normal 0.866044 0.000101671 0.499969
    outer loop
      vertex 8.17037 20.7059 35.8818
      vertex 7.44194 21.1161 37.1435
      vertex 7.38047 21.0083 37.25
    endloop
  endfacet
  facet normal 0.866021 -0.000137219 0.500008
    outer loop
      vertex 8.17037 20.7059 35.8818
      vertex 7.38047 21.0083 37.25
      vertex 7.3125 20.9175 37.3677
    endloop
  endfacet
  facet normal 0.866017 -4.26744e-05 0.500015
    outer loop
      vertex 8.3806 20.0866 35.5177
      vertex 7.3125 20.9175 37.3677
      vertex 7.23917 20.8451 37.4947
    endloop
  endfacet
  facet normal 0.866042 0.000110382 0.499971
    outer loop
      vertex 8.3806 20.0866 35.5177
      vertex 7.23917 20.8451 37.4947
      vertex 7.16176 20.7926 37.6288
    endloop
  endfacet
  facet normal 0.86602 -1.06023e-05 0.50001
    outer loop
      vertex 7.49584 21.239 37.0501
      vertex 8.17037 20.7059 35.8818
      vertex 8.04278 21.3474 36.1028
    endloop
  endfacet
  facet normal 0.866048 0.000151201 0.499961
    outer loop
      vertex 8.3806 20.0866 35.5177
      vertex 7.16176 20.7926 37.6288
      vertex 7.08158 20.7607 37.7677
    endloop
  endfacet
  facet normal 0.866024 -5.0191e-06 0.500002
    outer loop
      vertex 8.66987 19.5 35.0167
      vertex 7.08158 20.7607 37.7677
      vertex 7 20.75 37.909
    endloop
  endfacet
  facet normal -1 0 0
    outer loop
      vertex -4 0 0
      vertex -4 44 50.0333
      vertex -4 44 0
    endloop
  endfacet
  facet normal -1 -0 0
    outer loop
      vertex -4 44 50.0333
      vertex -4 0 0
      vertex -4 0 50.0333
    endloop
  endfacet
  facet normal 1 -0 0
    outer loop
      vertex 26 0 5
      vertex 26 44 0
      vertex 26 44 5
    endloop
  endfacet
  facet normal 1 0 0
    outer loop
      vertex 26 44 0
      vertex 26 0 5
      vertex 26 0 0
    endloop
  endfacet
  facet normal -0.997851 -0.0655283 0
    outer loop
      vertex 15.1 -8 0
      vertex 15.082 -7.7259 2.1
      vertex 15.082 -7.7259 0
    endloop
  endfacet
  facet normal -0.997851 -0.0655283 0
    outer loop
      vertex 15.082 -7.7259 2.1
      vertex 15.1 -8 0
      vertex 15.1 -8 2.1
    endloop
  endfacet
  facet normal 0.997851 -0.0655283 0
    outer loop
      vertex 10.9 -8 2.1
      vertex 10.918 -7.7259 0
      vertex 10.918 -7.7259 2.1
    endloop
  endfacet
  facet normal 0.997851 -0.0655283 0
    outer loop
      vertex 10.918 -7.7259 0
      vertex 10.9 -8 2.1
      vertex 10.9 -8 0
    endloop
  endfacet
  facet normal 0.0654196 -0.997858 0
    outer loop
      vertex 12.7259 -5.91797 0
      vertex 13 -5.9 2.1
      vertex 12.7259 -5.91797 2.1
    endloop
  endfacet
  facet normal 0.0654196 -0.997858 0
    outer loop
      vertex 13 -5.9 2.1
      vertex 12.7259 -5.91797 0
      vertex 13 -5.9 0
    endloop
  endfacet
  facet normal -0.0655283 0.997851 0
    outer loop
      vertex 13.2741 -10.082 0
      vertex 13 -10.1 2.1
      vertex 13.2741 -10.082 2.1
    endloop
  endfacet
  facet normal -0.0655283 0.997851 0
    outer loop
      vertex 13 -10.1 2.1
      vertex 13.2741 -10.082 0
      vertex 13 -10.1 0
    endloop
  endfacet
  facet normal -0.659396 -0.751796 0
    outer loop
      vertex 14.2784 -6.33396 0
      vertex 14.4849 -6.51508 2.1
      vertex 14.2784 -6.33396 2.1
    endloop
  endfacet
  facet normal -0.659396 -0.751796 -0
    outer loop
      vertex 14.4849 -6.51508 2.1
      vertex 14.2784 -6.33396 0
      vertex 14.4849 -6.51508 0
    endloop
  endfacet
  facet normal 0.751864 -0.659319 0
    outer loop
      vertex 11.334 -6.7216 2.1
      vertex 11.5151 -6.51508 0
      vertex 11.5151 -6.51508 2.1
    endloop
  endfacet
  facet normal 0.751864 -0.659319 0
    outer loop
      vertex 11.5151 -6.51508 0
      vertex 11.334 -6.7216 2.1
      vertex 11.334 -6.7216 0
    endloop
  endfacet
  facet normal 0.442256 -0.896889 0
    outer loop
      vertex 11.95 -6.18135 0
      vertex 12.1964 -6.05985 2.1
      vertex 11.95 -6.18135 2.1
    endloop
  endfacet
  facet normal 0.442256 -0.896889 0
    outer loop
      vertex 12.1964 -6.05985 2.1
      vertex 11.95 -6.18135 0
      vertex 12.1964 -6.05985 0
    endloop
  endfacet
  facet normal -0.831322 0.555792 0
    outer loop
      vertex 14.666 -9.2784 0
      vertex 14.8187 -9.05 2.1
      vertex 14.8187 -9.05 0
    endloop
  endfacet
  facet normal -0.831322 0.555792 0
    outer loop
      vertex 14.8187 -9.05 2.1
      vertex 14.666 -9.2784 0
      vertex 14.666 -9.2784 2.1
    endloop
  endfacet
  facet normal -0.897012 -0.442007 0
    outer loop
      vertex 14.9401 -7.19637 0
      vertex 14.8187 -6.95 2.1
      vertex 14.8187 -6.95 0
    endloop
  endfacet
  facet normal -0.897012 -0.442007 0
    outer loop
      vertex 14.8187 -6.95 2.1
      vertex 14.9401 -7.19637 0
      vertex 14.9401 -7.19637 2.1
    endloop
  endfacet
  facet normal -0.831322 -0.555792 0
    outer loop
      vertex 14.8187 -6.95 0
      vertex 14.666 -6.7216 2.1
      vertex 14.666 -6.7216 0
    endloop
  endfacet
  facet normal -0.831322 -0.555792 0
    outer loop
      vertex 14.666 -6.7216 2.1
      vertex 14.8187 -6.95 0
      vertex 14.8187 -6.95 2.1
    endloop
  endfacet
  facet normal -0.321433 -0.946932 0
    outer loop
      vertex 13.5435 -5.97156 0
      vertex 13.8036 -6.05985 2.1
      vertex 13.5435 -5.97156 2.1
    endloop
  endfacet
  facet normal -0.321433 -0.946932 -0
    outer loop
      vertex 13.8036 -6.05985 2.1
      vertex 13.5435 -5.97156 0
      vertex 13.8036 -6.05985 0
    endloop
  endfacet
  facet normal -0.195101 -0.980783 0
    outer loop
      vertex 13.2741 -5.91797 0
      vertex 13.5435 -5.97156 2.1
      vertex 13.2741 -5.91797 2.1
    endloop
  endfacet
  facet normal -0.195101 -0.980783 -0
    outer loop
      vertex 13.5435 -5.97156 2.1
      vertex 13.2741 -5.91797 0
      vertex 13.5435 -5.97156 0
    endloop
  endfacet
  facet normal -0.555565 -0.831473 0
    outer loop
      vertex 14.05 -6.18135 0
      vertex 14.2784 -6.33396 2.1
      vertex 14.05 -6.18135 2.1
    endloop
  endfacet
  facet normal -0.555565 -0.831473 -0
    outer loop
      vertex 14.2784 -6.33396 2.1
      vertex 14.05 -6.18135 0
      vertex 14.2784 -6.33396 0
    endloop
  endfacet
  facet normal 0.897012 -0.442007 0
    outer loop
      vertex 11.0599 -7.19637 2.1
      vertex 11.1813 -6.95 0
      vertex 11.1813 -6.95 2.1
    endloop
  endfacet
  facet normal 0.897012 -0.442007 0
    outer loop
      vertex 11.1813 -6.95 0
      vertex 11.0599 -7.19637 2.1
      vertex 11.0599 -7.19637 0
    endloop
  endfacet
  facet normal 0.831322 -0.555792 0
    outer loop
      vertex 11.1813 -6.95 2.1
      vertex 11.334 -6.7216 0
      vertex 11.334 -6.7216 2.1
    endloop
  endfacet
  facet normal 0.831322 -0.555792 0
    outer loop
      vertex 11.334 -6.7216 0
      vertex 11.1813 -6.95 2.1
      vertex 11.1813 -6.95 0
    endloop
  endfacet
  facet normal 0.555565 -0.831473 0
    outer loop
      vertex 11.7216 -6.33396 0
      vertex 11.95 -6.18135 2.1
      vertex 11.7216 -6.33396 2.1
    endloop
  endfacet
  facet normal 0.555565 -0.831473 0
    outer loop
      vertex 11.95 -6.18135 2.1
      vertex 11.7216 -6.33396 0
      vertex 11.95 -6.18135 0
    endloop
  endfacet
  facet normal 0.321433 -0.946932 0
    outer loop
      vertex 12.1964 -6.05985 0
      vertex 12.4565 -5.97156 2.1
      vertex 12.1964 -6.05985 2.1
    endloop
  endfacet
  facet normal 0.321433 -0.946932 0
    outer loop
      vertex 12.4565 -5.97156 2.1
      vertex 12.1964 -6.05985 0
      vertex 12.4565 -5.97156 0
    endloop
  endfacet
  facet normal -0.980779 0.195122 0
    outer loop
      vertex 15.0284 -8.54352 0
      vertex 15.082 -8.2741 2.1
      vertex 15.082 -8.2741 0
    endloop
  endfacet
  facet normal -0.980779 0.195122 0
    outer loop
      vertex 15.082 -8.2741 2.1
      vertex 15.0284 -8.54352 0
      vertex 15.0284 -8.54352 2.1
    endloop
  endfacet
  facet normal -0.195136 0.980776 0
    outer loop
      vertex 13.5435 -10.0284 0
      vertex 13.2741 -10.082 2.1
      vertex 13.5435 -10.0284 2.1
    endloop
  endfacet
  facet normal -0.195136 0.980776 0
    outer loop
      vertex 13.2741 -10.082 2.1
      vertex 13.5435 -10.0284 0
      vertex 13.2741 -10.082 0
    endloop
  endfacet
  facet normal -0.442256 0.896889 0
    outer loop
      vertex 14.05 -9.81865 0
      vertex 13.8036 -9.94015 2.1
      vertex 14.05 -9.81865 2.1
    endloop
  endfacet
  facet normal -0.442256 0.896889 0
    outer loop
      vertex 13.8036 -9.94015 2.1
      vertex 14.05 -9.81865 0
      vertex 13.8036 -9.94015 0
    endloop
  endfacet
  facet normal -0.946925 -0.321454 0
    outer loop
      vertex 15.0284 -7.45648 0
      vertex 14.9401 -7.19637 2.1
      vertex 14.9401 -7.19637 0
    endloop
  endfacet
  facet normal -0.946925 -0.321454 0
    outer loop
      vertex 14.9401 -7.19637 2.1
      vertex 15.0284 -7.45648 0
      vertex 15.0284 -7.45648 2.1
    endloop
  endfacet
  facet normal -0.980779 -0.195122 0
    outer loop
      vertex 15.082 -7.7259 0
      vertex 15.0284 -7.45648 2.1
      vertex 15.0284 -7.45648 0
    endloop
  endfacet
  facet normal -0.980779 -0.195122 0
    outer loop
      vertex 15.0284 -7.45648 2.1
      vertex 15.082 -7.7259 0
      vertex 15.082 -7.7259 2.1
    endloop
  endfacet
  facet normal -0.751864 -0.659319 0
    outer loop
      vertex 14.666 -6.7216 0
      vertex 14.4849 -6.51508 2.1
      vertex 14.4849 -6.51508 0
    endloop
  endfacet
  facet normal -0.751864 -0.659319 0
    outer loop
      vertex 14.4849 -6.51508 2.1
      vertex 14.666 -6.7216 0
      vertex 14.666 -6.7216 2.1
    endloop
  endfacet
  facet normal -0.0654196 -0.997858 0
    outer loop
      vertex 13 -5.9 0
      vertex 13.2741 -5.91797 2.1
      vertex 13 -5.9 2.1
    endloop
  endfacet
  facet normal -0.0654196 -0.997858 -0
    outer loop
      vertex 13.2741 -5.91797 2.1
      vertex 13 -5.9 0
      vertex 13.2741 -5.91797 0
    endloop
  endfacet
  facet normal -0.442256 -0.896889 0
    outer loop
      vertex 13.8036 -6.05985 0
      vertex 14.05 -6.18135 2.1
      vertex 13.8036 -6.05985 2.1
    endloop
  endfacet
  facet normal -0.442256 -0.896889 -0
    outer loop
      vertex 14.05 -6.18135 2.1
      vertex 13.8036 -6.05985 0
      vertex 14.05 -6.18135 0
    endloop
  endfacet
  facet normal 0.946925 -0.321454 0
    outer loop
      vertex 10.9716 -7.45648 2.1
      vertex 11.0599 -7.19637 0
      vertex 11.0599 -7.19637 2.1
    endloop
  endfacet
  facet normal 0.946925 -0.321454 0
    outer loop
      vertex 11.0599 -7.19637 0
      vertex 10.9716 -7.45648 2.1
      vertex 10.9716 -7.45648 0
    endloop
  endfacet
  facet normal 0.980779 -0.195122 0
    outer loop
      vertex 10.918 -7.7259 2.1
      vertex 10.9716 -7.45648 0
      vertex 10.9716 -7.45648 2.1
    endloop
  endfacet
  facet normal 0.980779 -0.195122 0
    outer loop
      vertex 10.9716 -7.45648 0
      vertex 10.918 -7.7259 2.1
      vertex 10.918 -7.7259 0
    endloop
  endfacet
  facet normal 0.659396 -0.751796 0
    outer loop
      vertex 11.5151 -6.51508 0
      vertex 11.7216 -6.33396 2.1
      vertex 11.5151 -6.51508 2.1
    endloop
  endfacet
  facet normal 0.659396 -0.751796 0
    outer loop
      vertex 11.7216 -6.33396 2.1
      vertex 11.5151 -6.51508 0
      vertex 11.7216 -6.33396 0
    endloop
  endfacet
  facet normal 0.195101 -0.980783 0
    outer loop
      vertex 12.4565 -5.97156 0
      vertex 12.7259 -5.91797 2.1
      vertex 12.4565 -5.97156 2.1
    endloop
  endfacet
  facet normal 0.195101 -0.980783 0
    outer loop
      vertex 12.7259 -5.91797 2.1
      vertex 12.4565 -5.97156 0
      vertex 12.7259 -5.91797 0
    endloop
  endfacet
  facet normal -0.997851 0.0655283 0
    outer loop
      vertex 15.082 -8.2741 0
      vertex 15.1 -8 2.1
      vertex 15.1 -8 0
    endloop
  endfacet
  facet normal -0.997851 0.0655283 0
    outer loop
      vertex 15.1 -8 2.1
      vertex 15.082 -8.2741 0
      vertex 15.082 -8.2741 2.1
    endloop
  endfacet
  facet normal -0.751864 0.659319 0
    outer loop
      vertex 14.4849 -9.48492 0
      vertex 14.666 -9.2784 2.1
      vertex 14.666 -9.2784 0
    endloop
  endfacet
  facet normal -0.751864 0.659319 0
    outer loop
      vertex 14.666 -9.2784 2.1
      vertex 14.4849 -9.48492 0
      vertex 14.4849 -9.48492 2.1
    endloop
  endfacet
  facet normal 0.997851 0.0655283 0
    outer loop
      vertex 10.918 -8.2741 2.1
      vertex 10.9 -8 0
      vertex 10.9 -8 2.1
    endloop
  endfacet
  facet normal 0.997851 0.0655283 0
    outer loop
      vertex 10.9 -8 0
      vertex 10.918 -8.2741 2.1
      vertex 10.918 -8.2741 0
    endloop
  endfacet
  facet normal -0.897012 0.442007 0
    outer loop
      vertex 14.8187 -9.05 0
      vertex 14.9401 -8.80363 2.1
      vertex 14.9401 -8.80363 0
    endloop
  endfacet
  facet normal -0.897012 0.442007 0
    outer loop
      vertex 14.9401 -8.80363 2.1
      vertex 14.8187 -9.05 0
      vertex 14.8187 -9.05 2.1
    endloop
  endfacet
  facet normal -0.946925 0.321454 0
    outer loop
      vertex 14.9401 -8.80363 0
      vertex 15.0284 -8.54352 2.1
      vertex 15.0284 -8.54352 0
    endloop
  endfacet
  facet normal -0.946925 0.321454 0
    outer loop
      vertex 15.0284 -8.54352 2.1
      vertex 14.9401 -8.80363 0
      vertex 14.9401 -8.80363 2.1
    endloop
  endfacet
  facet normal -0.555565 0.831473 0
    outer loop
      vertex 14.2784 -9.66604 0
      vertex 14.05 -9.81865 2.1
      vertex 14.2784 -9.66604 2.1
    endloop
  endfacet
  facet normal -0.555565 0.831473 0
    outer loop
      vertex 14.05 -9.81865 2.1
      vertex 14.2784 -9.66604 0
      vertex 14.05 -9.81865 0
    endloop
  endfacet
  facet normal -0.659396 0.751796 0
    outer loop
      vertex 14.4849 -9.48492 0
      vertex 14.2784 -9.66604 2.1
      vertex 14.4849 -9.48492 2.1
    endloop
  endfacet
  facet normal -0.659396 0.751796 0
    outer loop
      vertex 14.2784 -9.66604 2.1
      vertex 14.4849 -9.48492 0
      vertex 14.2784 -9.66604 0
    endloop
  endfacet
  facet normal 0.831322 0.555792 0
    outer loop
      vertex 11.334 -9.2784 2.1
      vertex 11.1813 -9.05 0
      vertex 11.1813 -9.05 2.1
    endloop
  endfacet
  facet normal 0.831322 0.555792 0
    outer loop
      vertex 11.1813 -9.05 0
      vertex 11.334 -9.2784 2.1
      vertex 11.334 -9.2784 0
    endloop
  endfacet
  facet normal -0.321302 0.946977 0
    outer loop
      vertex 13.8036 -9.94015 0
      vertex 13.5435 -10.0284 2.1
      vertex 13.8036 -9.94015 2.1
    endloop
  endfacet
  facet normal -0.321302 0.946977 0
    outer loop
      vertex 13.5435 -10.0284 2.1
      vertex 13.8036 -9.94015 0
      vertex 13.5435 -10.0284 0
    endloop
  endfacet
  facet normal 0.195136 0.980776 -0
    outer loop
      vertex 12.7259 -10.082 0
      vertex 12.4565 -10.0284 2.1
      vertex 12.7259 -10.082 2.1
    endloop
  endfacet
  facet normal 0.195136 0.980776 0
    outer loop
      vertex 12.4565 -10.0284 2.1
      vertex 12.7259 -10.082 0
      vertex 12.4565 -10.0284 0
    endloop
  endfacet
  facet normal 0.659396 0.751796 -0
    outer loop
      vertex 11.7216 -9.66604 0
      vertex 11.5151 -9.48492 2.1
      vertex 11.7216 -9.66604 2.1
    endloop
  endfacet
  facet normal 0.659396 0.751796 0
    outer loop
      vertex 11.5151 -9.48492 2.1
      vertex 11.7216 -9.66604 0
      vertex 11.5151 -9.48492 0
    endloop
  endfacet
  facet normal 0.751864 0.659319 0
    outer loop
      vertex 11.5151 -9.48492 2.1
      vertex 11.334 -9.2784 0
      vertex 11.334 -9.2784 2.1
    endloop
  endfacet
  facet normal 0.751864 0.659319 0
    outer loop
      vertex 11.334 -9.2784 0
      vertex 11.5151 -9.48492 2.1
      vertex 11.5151 -9.48492 0
    endloop
  endfacet
  facet normal 0.897012 0.442007 0
    outer loop
      vertex 11.1813 -9.05 2.1
      vertex 11.0599 -8.80363 0
      vertex 11.0599 -8.80363 2.1
    endloop
  endfacet
  facet normal 0.897012 0.442007 0
    outer loop
      vertex 11.0599 -8.80363 0
      vertex 11.1813 -9.05 2.1
      vertex 11.1813 -9.05 0
    endloop
  endfacet
  facet normal 0.946925 0.321454 0
    outer loop
      vertex 11.0599 -8.80363 2.1
      vertex 10.9716 -8.54352 0
      vertex 10.9716 -8.54352 2.1
    endloop
  endfacet
  facet normal 0.946925 0.321454 0
    outer loop
      vertex 10.9716 -8.54352 0
      vertex 11.0599 -8.80363 2.1
      vertex 11.0599 -8.80363 0
    endloop
  endfacet
  facet normal 0.980779 0.195122 0
    outer loop
      vertex 10.9716 -8.54352 2.1
      vertex 10.918 -8.2741 0
      vertex 10.918 -8.2741 2.1
    endloop
  endfacet
  facet normal 0.980779 0.195122 0
    outer loop
      vertex 10.918 -8.2741 0
      vertex 10.9716 -8.54352 2.1
      vertex 10.9716 -8.54352 0
    endloop
  endfacet
  facet normal 0.555565 0.831473 -0
    outer loop
      vertex 11.95 -9.81865 0
      vertex 11.7216 -9.66604 2.1
      vertex 11.95 -9.81865 2.1
    endloop
  endfacet
  facet normal 0.555565 0.831473 0
    outer loop
      vertex 11.7216 -9.66604 2.1
      vertex 11.95 -9.81865 0
      vertex 11.7216 -9.66604 0
    endloop
  endfacet
  facet normal 0.442256 0.896889 -0
    outer loop
      vertex 12.1964 -9.94015 0
      vertex 11.95 -9.81865 2.1
      vertex 12.1964 -9.94015 2.1
    endloop
  endfacet
  facet normal 0.442256 0.896889 0
    outer loop
      vertex 11.95 -9.81865 2.1
      vertex 12.1964 -9.94015 0
      vertex 11.95 -9.81865 0
    endloop
  endfacet
  facet normal 0.0655283 0.997851 -0
    outer loop
      vertex 13 -10.1 0
      vertex 12.7259 -10.082 2.1
      vertex 13 -10.1 2.1
    endloop
  endfacet
  facet normal 0.0655283 0.997851 0
    outer loop
      vertex 12.7259 -10.082 2.1
      vertex 13 -10.1 0
      vertex 12.7259 -10.082 0
    endloop
  endfacet
  facet normal 0.321302 0.946977 -0
    outer loop
      vertex 12.4565 -10.0284 0
      vertex 12.1964 -9.94015 2.1
      vertex 12.4565 -10.0284 2.1
    endloop
  endfacet
  facet normal 0.321302 0.946977 0
    outer loop
      vertex 12.1964 -9.94015 2.1
      vertex 12.4565 -10.0284 0
      vertex 12.1964 -9.94015 0
    endloop
  endfacet
  facet normal -0.708185 -0.0465062 0.704493
    outer loop
      vertex 15.1 -8 2.1
      vertex 16.99 -7.99857 4
      vertex 15.082 -7.7259 2.1
    endloop
  endfacet
  facet normal -0.708082 -0.0495162 0.704392
    outer loop
      vertex 16.99 -7.99857 4
      vertex 15.1 -8 2.1
      vertex 16.9901 -8 4
    endloop
  endfacet
  facet normal 0.708266 0.0442666 0.704557
    outer loop
      vertex 9.01004 -8.00144 4
      vertex 10.9 -8 2.1
      vertex 9.00995 -8 4
    endloop
  endfacet
  facet normal 0.708193 0.0465066 0.704486
    outer loop
      vertex 10.9 -8 2.1
      vertex 9.01004 -8.00144 4
      vertex 10.918 -8.2741 2.1
    endloop
  endfacet
  facet normal 0.0464293 -0.708196 0.704488
    outer loop
      vertex 13 -5.9 2.1
      vertex 12.9986 -4.01004 4
      vertex 12.7259 -5.91797 2.1
    endloop
  endfacet
  facet normal 0.0455288 -0.708226 0.704517
    outer loop
      vertex 12.9986 -4.01004 4
      vertex 13 -5.9 2.1
      vertex 13 -4.00995 4
    endloop
  endfacet
  facet normal -0.708185 0.0464969 0.704494
    outer loop
      vertex 16.9559 -8.52081 4
      vertex 16.99 -8.00144 4
      vertex 15.082 -8.2741 2.1
    endloop
  endfacet
  facet normal -0.0465062 0.708186 0.704493
    outer loop
      vertex 13 -10.1 2.1
      vertex 13.0014 -11.99 4
      vertex 13.2741 -10.082 2.1
    endloop
  endfacet
  facet normal -0.0505746 0.708044 0.704355
    outer loop
      vertex 13.0014 -11.99 4
      vertex 13 -10.1 2.1
      vertex 13 -11.9901 4
    endloop
  endfacet
  facet normal 0.708189 -0.0464145 0.704495
    outer loop
      vertex 10.918 -7.7259 2.1
      vertex 9.04408 -7.47919 4
      vertex 9.01004 -7.99857 4
    endloop
  endfacet
  facet normal -0.672051 0.228121 0.704492
    outer loop
      vertex 16.6863 -9.52693 4
      vertex 16.8536 -9.03406 4
      vertex 14.9401 -8.80363 2.1
    endloop
  endfacet
  facet normal -0.138399 0.696085 0.704493
    outer loop
      vertex 13.5208 -11.9559 4
      vertex 14.0313 -11.8544 4
      vertex 13.2741 -10.082 2.1
    endloop
  endfacet
  facet normal 0.467985 0.533563 0.704486
    outer loop
      vertex 11.5151 -9.48492 2.1
      vertex 10.1797 -10.8223 4
      vertex 11.7216 -9.66604 2.1
    endloop
  endfacet
  facet normal 0.450047 0.550057 0.703488
    outer loop
      vertex 10.1797 -10.8223 4
      vertex 11.5151 -9.48492 2.1
      vertex 10.1786 -10.8214 4
    endloop
  endfacet
  facet normal 0.672046 -0.228119 0.704497
    outer loop
      vertex 11.0599 -7.19637 2.1
      vertex 9.31367 -6.47307 4
      vertex 9.14637 -6.96594 4
    endloop
  endfacet
  facet normal 0.138452 -0.696078 0.70449
    outer loop
      vertex 12.7259 -5.91797 2.1
      vertex 12.4792 -4.04408 4
      vertex 11.9687 -4.14562 4
    endloop
  endfacet
  facet normal -0.464003 -0.537266 0.704305
    outer loop
      vertex 15.8203 -5.17766 4
      vertex 14.4849 -6.51508 2.1
      vertex 15.8214 -5.17861 4
    endloop
  endfacet
  facet normal -0.467981 -0.533559 0.704492
    outer loop
      vertex 14.4849 -6.51508 2.1
      vertex 15.8203 -5.17766 4
      vertex 14.2784 -6.33396 2.1
    endloop
  endfacet
  facet normal -0.708185 -0.046496 0.704494
    outer loop
      vertex 16.99 -7.99857 4
      vertex 16.9559 -7.47919 4
      vertex 15.082 -7.7259 2.1
    endloop
  endfacet
  facet normal -0.533612 0.467932 0.704484
    outer loop
      vertex 14.4849 -9.48492 2.1
      vertex 15.8223 -10.8203 4
      vertex 14.666 -9.2784 2.1
    endloop
  endfacet
  facet normal -0.550057 0.450046 0.703489
    outer loop
      vertex 15.8223 -10.8203 4
      vertex 14.4849 -9.48492 2.1
      vertex 15.8214 -10.8214 4
    endloop
  endfacet
  facet normal -0.313899 0.636524 0.704489
    outer loop
      vertex 14.5282 -11.6857 4
      vertex 14.995 -11.4555 4
      vertex 14.05 -9.81865 2.1
    endloop
  endfacet
  facet normal 0.672046 0.228119 0.704497
    outer loop
      vertex 9.31367 -9.52693 4
      vertex 11.0599 -8.80363 2.1
      vertex 9.14637 -9.03406 4
    endloop
  endfacet
  facet normal 0.589991 0.394447 0.704501
    outer loop
      vertex 9.83368 -10.4278 4
      vertex 11.334 -9.2784 2.1
      vertex 11.1813 -9.05 2.1
    endloop
  endfacet
  facet normal 0.590533 0.393689 0.704471
    outer loop
      vertex 11.334 -9.2784 2.1
      vertex 9.83368 -10.4278 4
      vertex 9.83448 -10.429 4
    endloop
  endfacet
  facet normal 0.545748 -0.45479 0.703793
    outer loop
      vertex 10.1777 -5.17969 4
      vertex 11.5151 -6.51508 2.1
      vertex 10.1786 -5.17861 4
    endloop
  endfacet
  facet normal 0.533612 -0.467931 0.704485
    outer loop
      vertex 11.5151 -6.51508 2.1
      vertex 10.1777 -5.17969 4
      vertex 11.334 -6.7216 2.1
    endloop
  endfacet
  facet normal 0.313899 -0.636526 0.704487
    outer loop
      vertex 11.95 -6.18135 2.1
      vertex 11.4718 -4.31431 4
      vertex 11.005 -4.54451 4
    endloop
  endfacet
  facet normal -0.0464131 -0.708195 0.704489
    outer loop
      vertex 13.2741 -5.91797 2.1
      vertex 13.5208 -4.04408 4
      vertex 13.0014 -4.01004 4
    endloop
  endfacet
  facet normal -0.228151 -0.672043 0.704489
    outer loop
      vertex 14.5269 -4.31367 4
      vertex 14.0341 -4.14637 4
      vertex 13.8036 -6.05985 2.1
    endloop
  endfacet
  facet normal -0.672051 -0.228121 0.704492
    outer loop
      vertex 16.8536 -6.96594 4
      vertex 16.6863 -6.47307 4
      vertex 14.9401 -7.19637 2.1
    endloop
  endfacet
  facet normal -0.590537 -0.393691 0.704467
    outer loop
      vertex 14.666 -6.7216 2.1
      vertex 16.1663 -5.57221 4
      vertex 16.1655 -5.57101 4
    endloop
  endfacet
  facet normal -0.589995 -0.394449 0.704497
    outer loop
      vertex 16.1663 -5.57221 4
      vertex 14.666 -6.7216 2.1
      vertex 14.8187 -6.95 2.1
    endloop
  endfacet
  facet normal -0.693899 -0.147638 0.704775
    outer loop
      vertex 15.0284 -7.45648 2.1
      vertex 16.8544 -6.96871 4
      vertex 16.8541 -6.9673 4
    endloop
  endfacet
  facet normal -0.696061 -0.138478 0.704502
    outer loop
      vertex 16.8544 -6.96871 4
      vertex 15.0284 -7.45648 2.1
      vertex 15.082 -7.7259 2.1
    endloop
  endfacet
  facet normal -0.666763 -0.245133 0.703802
    outer loop
      vertex 16.8536 -6.96594 4
      vertex 15.0284 -7.45648 2.1
      vertex 16.8541 -6.9673 4
    endloop
  endfacet
  facet normal -0.672046 -0.228141 0.70449
    outer loop
      vertex 15.0284 -7.45648 2.1
      vertex 16.8536 -6.96594 4
      vertex 14.9401 -7.19637 2.1
    endloop
  endfacet
  facet normal -0.708094 0.0491732 0.704404
    outer loop
      vertex 15.1 -8 2.1
      vertex 16.99 -8.00144 4
      vertex 16.9901 -8 4
    endloop
  endfacet
  facet normal -0.708185 0.0465061 0.704493
    outer loop
      vertex 16.99 -8.00144 4
      vertex 15.1 -8 2.1
      vertex 15.082 -8.2741 2.1
    endloop
  endfacet
  facet normal -0.0464943 0.708185 0.704494
    outer loop
      vertex 13.5208 -11.9559 4
      vertex 13.2741 -10.082 2.1
      vertex 13.0014 -11.99 4
    endloop
  endfacet
  facet normal -0.46798 0.533568 0.704485
    outer loop
      vertex 15.429 -11.1655 4
      vertex 15.8203 -10.8223 4
      vertex 14.2784 -9.66604 2.1
    endloop
  endfacet
  facet normal -0.393694 0.590541 0.704462
    outer loop
      vertex 14.2784 -9.66604 2.1
      vertex 15.4278 -11.1663 4
      vertex 15.429 -11.1655 4
    endloop
  endfacet
  facet normal -0.394295 0.590111 0.704486
    outer loop
      vertex 15.4278 -11.1663 4
      vertex 14.2784 -9.66604 2.1
      vertex 14.05 -9.81865 2.1
    endloop
  endfacet
  facet normal 0.708189 0.0464154 0.704495
    outer loop
      vertex 9.04408 -8.52081 4
      vertex 10.918 -8.2741 2.1
      vertex 9.01004 -8.00144 4
    endloop
  endfacet
  facet normal 0.533549 0.46799 0.704493
    outer loop
      vertex 10.1777 -10.8203 4
      vertex 11.334 -9.2784 2.1
      vertex 9.83448 -10.429 4
    endloop
  endfacet
  facet normal 0.636534 0.313897 0.704481
    outer loop
      vertex 9.54451 -9.99503 4
      vertex 11.1813 -9.05 2.1
      vertex 9.31431 -9.52822 4
    endloop
  endfacet
  facet normal 0.394295 0.590111 0.704486
    outer loop
      vertex 11.7216 -9.66604 2.1
      vertex 10.5722 -11.1663 4
      vertex 11.95 -9.81865 2.1
    endloop
  endfacet
  facet normal 0.393694 0.590541 0.704462
    outer loop
      vertex 10.5722 -11.1663 4
      vertex 11.7216 -9.66604 2.1
      vertex 10.571 -11.1655 4
    endloop
  endfacet
  facet normal 0.46798 0.533568 0.704485
    outer loop
      vertex 10.571 -11.1655 4
      vertex 11.7216 -9.66604 2.1
      vertex 10.1797 -10.8223 4
    endloop
  endfacet
  facet normal 0.0464943 0.708185 0.704494
    outer loop
      vertex 12.9986 -11.99 4
      vertex 12.7259 -10.082 2.1
      vertex 12.4792 -11.9559 4
    endloop
  endfacet
  facet normal 0.138399 0.696085 0.704493
    outer loop
      vertex 12.4792 -11.9559 4
      vertex 12.7259 -10.082 2.1
      vertex 11.9687 -11.8544 4
    endloop
  endfacet
  facet normal 0.708256 -0.0445756 0.704547
    outer loop
      vertex 10.9 -8 2.1
      vertex 9.01004 -7.99857 4
      vertex 9.00995 -8 4
    endloop
  endfacet
  facet normal 0.708193 -0.0465066 0.704486
    outer loop
      vertex 9.01004 -7.99857 4
      vertex 10.9 -8 2.1
      vertex 10.918 -7.7259 2.1
    endloop
  endfacet
  facet normal 0.0464131 -0.708195 0.704489
    outer loop
      vertex 12.7259 -5.91797 2.1
      vertex 12.9986 -4.01004 4
      vertex 12.4792 -4.04408 4
    endloop
  endfacet
  facet normal 0.467962 -0.533579 0.704489
    outer loop
      vertex 11.7216 -6.33396 2.1
      vertex 10.571 -4.83448 4
      vertex 10.1797 -5.17766 4
    endloop
  endfacet
  facet normal 0.394293 -0.590109 0.704489
    outer loop
      vertex 10.5722 -4.83368 4
      vertex 11.7216 -6.33396 2.1
      vertex 11.95 -6.18135 2.1
    endloop
  endfacet
  facet normal 0.393692 -0.590539 0.704465
    outer loop
      vertex 11.7216 -6.33396 2.1
      vertex 10.5722 -4.83368 4
      vertex 10.571 -4.83448 4
    endloop
  endfacet
  facet normal -0.0455288 -0.708226 0.704517
    outer loop
      vertex 13 -5.9 2.1
      vertex 13.0014 -4.01004 4
      vertex 13 -4.00995 4
    endloop
  endfacet
  facet normal -0.0464293 -0.708196 0.704488
    outer loop
      vertex 13.0014 -4.01004 4
      vertex 13 -5.9 2.1
      vertex 13.2741 -5.91797 2.1
    endloop
  endfacet
  facet normal -0.533576 -0.467963 0.70449
    outer loop
      vertex 16.1655 -5.57101 4
      vertex 15.8223 -5.17969 4
      vertex 14.666 -6.7216 2.1
    endloop
  endfacet
  facet normal -0.636532 -0.313896 0.704483
    outer loop
      vertex 16.6857 -6.47178 4
      vertex 16.4555 -6.00497 4
      vertex 14.8187 -6.95 2.1
    endloop
  endfacet
  facet normal -0.696084 -0.138404 0.704494
    outer loop
      vertex 16.9559 -7.47919 4
      vertex 16.8544 -6.96871 4
      vertex 15.082 -7.7259 2.1
    endloop
  endfacet
  facet normal -0.696084 0.138404 0.704494
    outer loop
      vertex 16.8544 -9.03129 4
      vertex 16.9559 -8.52081 4
      vertex 15.082 -8.2741 2.1
    endloop
  endfacet
  facet normal -0.636532 0.313896 0.704483
    outer loop
      vertex 16.4555 -9.99503 4
      vertex 16.6857 -9.52822 4
      vertex 14.8187 -9.05 2.1
    endloop
  endfacet
  facet normal -0.533564 0.467976 0.704491
    outer loop
      vertex 15.8223 -10.8203 4
      vertex 16.1655 -10.429 4
      vertex 14.666 -9.2784 2.1
    endloop
  endfacet
  facet normal -0.590092 0.394331 0.704482
    outer loop
      vertex 16.1663 -10.4278 4
      vertex 16.4555 -9.99503 4
      vertex 14.8187 -9.05 2.1
    endloop
  endfacet
  facet normal -0.589994 0.394449 0.704498
    outer loop
      vertex 14.666 -9.2784 2.1
      vertex 16.1663 -10.4278 4
      vertex 14.8187 -9.05 2.1
    endloop
  endfacet
  facet normal -0.590536 0.393691 0.704468
    outer loop
      vertex 16.1663 -10.4278 4
      vertex 14.666 -9.2784 2.1
      vertex 16.1655 -10.429 4
    endloop
  endfacet
  facet normal -0.313875 0.636533 0.704492
    outer loop
      vertex 13.8036 -9.94015 2.1
      vertex 14.5282 -11.6857 4
      vertex 14.05 -9.81865 2.1
    endloop
  endfacet
  facet normal -0.297214 0.643964 0.704964
    outer loop
      vertex 14.5282 -11.6857 4
      vertex 13.8036 -9.94015 2.1
      vertex 14.5269 -11.6863 4
    endloop
  endfacet
  facet normal -0.228153 0.672048 0.704484
    outer loop
      vertex 14.0341 -11.8536 4
      vertex 14.5269 -11.6863 4
      vertex 13.8036 -9.94015 2.1
    endloop
  endfacet
  facet normal -0.394309 0.5901 0.704488
    outer loop
      vertex 14.995 -11.4555 4
      vertex 15.4278 -11.1663 4
      vertex 14.05 -9.81865 2.1
    endloop
  endfacet
  facet normal -0.450047 0.550057 0.703488
    outer loop
      vertex 14.4849 -9.48492 2.1
      vertex 15.8203 -10.8223 4
      vertex 15.8214 -10.8214 4
    endloop
  endfacet
  facet normal -0.467985 0.533563 0.704486
    outer loop
      vertex 15.8203 -10.8223 4
      vertex 14.4849 -9.48492 2.1
      vertex 14.2784 -9.66604 2.1
    endloop
  endfacet
  facet normal 0.69607 0.138469 0.704495
    outer loop
      vertex 9.14563 -9.03129 4
      vertex 10.918 -8.2741 2.1
      vertex 9.04408 -8.52081 4
    endloop
  endfacet
  facet normal 0.636609 0.313692 0.704504
    outer loop
      vertex 11.0599 -8.80363 2.1
      vertex 9.31431 -9.52822 4
      vertex 11.1813 -9.05 2.1
    endloop
  endfacet
  facet normal 0.635814 0.315443 0.704441
    outer loop
      vertex 9.31431 -9.52822 4
      vertex 11.0599 -8.80363 2.1
      vertex 9.31367 -9.52693 4
    endloop
  endfacet
  facet normal 0.533612 0.467932 0.704484
    outer loop
      vertex 10.1777 -10.8203 4
      vertex 11.5151 -9.48492 2.1
      vertex 11.334 -9.2784 2.1
    endloop
  endfacet
  facet normal 0.550057 0.450046 0.703489
    outer loop
      vertex 11.5151 -9.48492 2.1
      vertex 10.1777 -10.8203 4
      vertex 10.1786 -10.8214 4
    endloop
  endfacet
  facet normal 0.590111 0.394303 0.704482
    outer loop
      vertex 9.83368 -10.4278 4
      vertex 11.1813 -9.05 2.1
      vertex 9.54451 -9.99503 4
    endloop
  endfacet
  facet normal 0.313875 0.636533 0.704492
    outer loop
      vertex 11.4718 -11.6857 4
      vertex 12.1964 -9.94015 2.1
      vertex 11.95 -9.81865 2.1
    endloop
  endfacet
  facet normal 0.297214 0.643964 0.704964
    outer loop
      vertex 12.1964 -9.94015 2.1
      vertex 11.4718 -11.6857 4
      vertex 11.4731 -11.6863 4
    endloop
  endfacet
  facet normal 0.138488 0.696058 0.704503
    outer loop
      vertex 12.4565 -10.0284 2.1
      vertex 11.9687 -11.8544 4
      vertex 12.7259 -10.082 2.1
    endloop
  endfacet
  facet normal 0.148641 0.693657 0.704802
    outer loop
      vertex 11.9687 -11.8544 4
      vertex 12.4565 -10.0284 2.1
      vertex 11.9673 -11.8541 4
    endloop
  endfacet
  facet normal 0.0505746 0.708044 0.704355
    outer loop
      vertex 13 -10.1 2.1
      vertex 12.9986 -11.99 4
      vertex 13 -11.9901 4
    endloop
  endfacet
  facet normal 0.0465062 0.708186 0.704493
    outer loop
      vertex 12.9986 -11.99 4
      vertex 13 -10.1 2.1
      vertex 12.7259 -10.082 2.1
    endloop
  endfacet
  facet normal 0.69607 -0.138469 0.704495
    outer loop
      vertex 10.918 -7.7259 2.1
      vertex 9.14563 -6.96871 4
      vertex 9.04408 -7.47919 4
    endloop
  endfacet
  facet normal 0.636534 -0.313897 0.704481
    outer loop
      vertex 11.1813 -6.95 2.1
      vertex 9.54451 -6.00497 4
      vertex 9.31431 -6.47178 4
    endloop
  endfacet
  facet normal 0.533561 -0.467977 0.704492
    outer loop
      vertex 11.334 -6.7216 2.1
      vertex 10.1777 -5.17969 4
      vertex 9.83448 -5.57101 4
    endloop
  endfacet
  facet normal 0.590107 -0.394309 0.704482
    outer loop
      vertex 11.1813 -6.95 2.1
      vertex 9.83368 -5.57221 4
      vertex 9.54451 -6.00497 4
    endloop
  endfacet
  facet normal 0.590534 -0.393689 0.70447
    outer loop
      vertex 9.83368 -5.57221 4
      vertex 11.334 -6.7216 2.1
      vertex 9.83448 -5.57101 4
    endloop
  endfacet
  facet normal 0.589992 -0.394447 0.7045
    outer loop
      vertex 11.334 -6.7216 2.1
      vertex 9.83368 -5.57221 4
      vertex 11.1813 -6.95 2.1
    endloop
  endfacet
  facet normal 0.313463 -0.636722 0.704504
    outer loop
      vertex 11.4718 -4.31431 4
      vertex 12.1964 -6.05985 2.1
      vertex 11.4731 -4.31367 4
    endloop
  endfacet
  facet normal 0.313876 -0.636535 0.70449
    outer loop
      vertex 12.1964 -6.05985 2.1
      vertex 11.4718 -4.31431 4
      vertex 11.95 -6.18135 2.1
    endloop
  endfacet
  facet normal 0.228151 -0.672043 0.704489
    outer loop
      vertex 12.1964 -6.05985 2.1
      vertex 11.9659 -4.14637 4
      vertex 11.4731 -4.31367 4
    endloop
  endfacet
  facet normal 0.394281 -0.590119 0.704487
    outer loop
      vertex 11.95 -6.18135 2.1
      vertex 11.005 -4.54451 4
      vertex 10.5722 -4.83368 4
    endloop
  endfacet
  facet normal 0.467981 -0.533559 0.704492
    outer loop
      vertex 10.1797 -5.17766 4
      vertex 11.5151 -6.51508 2.1
      vertex 11.7216 -6.33396 2.1
    endloop
  endfacet
  facet normal 0.464003 -0.537266 0.704305
    outer loop
      vertex 11.5151 -6.51508 2.1
      vertex 10.1797 -5.17766 4
      vertex 10.1786 -5.17861 4
    endloop
  endfacet
  facet normal -0.313899 -0.636526 0.704487
    outer loop
      vertex 14.995 -4.54451 4
      vertex 14.5282 -4.31431 4
      vertex 14.05 -6.18135 2.1
    endloop
  endfacet
  facet normal -0.467962 -0.533579 0.704489
    outer loop
      vertex 15.8203 -5.17766 4
      vertex 15.429 -4.83448 4
      vertex 14.2784 -6.33396 2.1
    endloop
  endfacet
  facet normal -0.394281 -0.590119 0.704487
    outer loop
      vertex 15.4278 -4.83368 4
      vertex 14.995 -4.54451 4
      vertex 14.05 -6.18135 2.1
    endloop
  endfacet
  facet normal -0.393692 -0.590539 0.704465
    outer loop
      vertex 15.4278 -4.83368 4
      vertex 14.2784 -6.33396 2.1
      vertex 15.429 -4.83448 4
    endloop
  endfacet
  facet normal -0.394293 -0.590109 0.704489
    outer loop
      vertex 14.2784 -6.33396 2.1
      vertex 15.4278 -4.83368 4
      vertex 14.05 -6.18135 2.1
    endloop
  endfacet
  facet normal -0.138452 -0.696078 0.70449
    outer loop
      vertex 14.0313 -4.14562 4
      vertex 13.5208 -4.04408 4
      vertex 13.2741 -5.91797 2.1
    endloop
  endfacet
  facet normal -0.643117 -0.299124 0.70493
    outer loop
      vertex 16.6857 -6.47178 4
      vertex 14.9401 -7.19637 2.1
      vertex 16.6863 -6.47307 4
    endloop
  endfacet
  facet normal -0.636608 -0.313692 0.704506
    outer loop
      vertex 14.9401 -7.19637 2.1
      vertex 16.6857 -6.47178 4
      vertex 14.8187 -6.95 2.1
    endloop
  endfacet
  facet normal -0.545748 -0.45479 0.703793
    outer loop
      vertex 14.4849 -6.51508 2.1
      vertex 15.8223 -5.17969 4
      vertex 15.8214 -5.17861 4
    endloop
  endfacet
  facet normal -0.533612 -0.467931 0.704485
    outer loop
      vertex 15.8223 -5.17969 4
      vertex 14.4849 -6.51508 2.1
      vertex 14.666 -6.7216 2.1
    endloop
  endfacet
  facet normal -0.590088 -0.394337 0.704482
    outer loop
      vertex 16.4555 -6.00497 4
      vertex 16.1663 -5.57221 4
      vertex 14.8187 -6.95 2.1
    endloop
  endfacet
  facet normal -0.696061 0.138478 0.704502
    outer loop
      vertex 15.0284 -8.54352 2.1
      vertex 16.8544 -9.03129 4
      vertex 15.082 -8.2741 2.1
    endloop
  endfacet
  facet normal -0.693899 0.147638 0.704775
    outer loop
      vertex 16.8544 -9.03129 4
      vertex 15.0284 -8.54352 2.1
      vertex 16.8541 -9.0327 4
    endloop
  endfacet
  facet normal -0.666763 0.245133 0.703802
    outer loop
      vertex 15.0284 -8.54352 2.1
      vertex 16.8536 -9.03406 4
      vertex 16.8541 -9.0327 4
    endloop
  endfacet
  facet normal -0.672046 0.228141 0.70449
    outer loop
      vertex 16.8536 -9.03406 4
      vertex 15.0284 -8.54352 2.1
      vertex 14.9401 -8.80363 2.1
    endloop
  endfacet
  facet normal -0.643117 0.299124 0.70493
    outer loop
      vertex 14.9401 -8.80363 2.1
      vertex 16.6857 -9.52822 4
      vertex 16.6863 -9.52693 4
    endloop
  endfacet
  facet normal -0.636608 0.313692 0.704506
    outer loop
      vertex 16.6857 -9.52822 4
      vertex 14.9401 -8.80363 2.1
      vertex 14.8187 -9.05 2.1
    endloop
  endfacet
  facet normal -0.22803 0.672076 0.704497
    outer loop
      vertex 13.5435 -10.0284 2.1
      vertex 14.0341 -11.8536 4
      vertex 13.8036 -9.94015 2.1
    endloop
  endfacet
  facet normal -0.238837 0.668744 0.704087
    outer loop
      vertex 14.0341 -11.8536 4
      vertex 13.5435 -10.0284 2.1
      vertex 14.0327 -11.8541 4
    endloop
  endfacet
  facet normal -0.148641 0.693657 0.704802
    outer loop
      vertex 13.5435 -10.0284 2.1
      vertex 14.0313 -11.8544 4
      vertex 14.0327 -11.8541 4
    endloop
  endfacet
  facet normal -0.138488 0.696058 0.704503
    outer loop
      vertex 14.0313 -11.8544 4
      vertex 13.5435 -10.0284 2.1
      vertex 13.2741 -10.082 2.1
    endloop
  endfacet
  facet normal 0.672041 0.228139 0.704495
    outer loop
      vertex 10.9716 -8.54352 2.1
      vertex 9.14637 -9.03406 4
      vertex 11.0599 -8.80363 2.1
    endloop
  endfacet
  facet normal 0.67227 0.227385 0.70452
    outer loop
      vertex 9.14637 -9.03406 4
      vertex 10.9716 -8.54352 2.1
      vertex 9.14591 -9.0327 4
    endloop
  endfacet
  facet normal 0.696066 0.13848 0.704496
    outer loop
      vertex 9.14563 -9.03129 4
      vertex 10.9716 -8.54352 2.1
      vertex 10.918 -8.2741 2.1
    endloop
  endfacet
  facet normal 0.696123 0.138237 0.704488
    outer loop
      vertex 10.9716 -8.54352 2.1
      vertex 9.14563 -9.03129 4
      vertex 9.14591 -9.0327 4
    endloop
  endfacet
  facet normal 0.394309 0.5901 0.704488
    outer loop
      vertex 11.005 -11.4555 4
      vertex 11.95 -9.81865 2.1
      vertex 10.5722 -11.1663 4
    endloop
  endfacet
  facet normal 0.313899 0.636524 0.704489
    outer loop
      vertex 11.4718 -11.6857 4
      vertex 11.95 -9.81865 2.1
      vertex 11.005 -11.4555 4
    endloop
  endfacet
  facet normal 0.22803 0.672076 0.704497
    outer loop
      vertex 11.9659 -11.8536 4
      vertex 12.4565 -10.0284 2.1
      vertex 12.1964 -9.94015 2.1
    endloop
  endfacet
  facet normal 0.238837 0.668744 0.704087
    outer loop
      vertex 12.4565 -10.0284 2.1
      vertex 11.9659 -11.8536 4
      vertex 11.9673 -11.8541 4
    endloop
  endfacet
  facet normal 0.228153 0.672048 0.704484
    outer loop
      vertex 11.9659 -11.8536 4
      vertex 12.1964 -9.94015 2.1
      vertex 11.4731 -11.6863 4
    endloop
  endfacet
  facet normal 0.696123 -0.138237 0.704488
    outer loop
      vertex 9.14563 -6.96871 4
      vertex 10.9716 -7.45648 2.1
      vertex 9.14591 -6.9673 4
    endloop
  endfacet
  facet normal 0.696066 -0.13848 0.704496
    outer loop
      vertex 10.9716 -7.45648 2.1
      vertex 9.14563 -6.96871 4
      vertex 10.918 -7.7259 2.1
    endloop
  endfacet
  facet normal 0.672041 -0.228139 0.704495
    outer loop
      vertex 9.14637 -6.96594 4
      vertex 10.9716 -7.45648 2.1
      vertex 11.0599 -7.19637 2.1
    endloop
  endfacet
  facet normal 0.67227 -0.227385 0.70452
    outer loop
      vertex 10.9716 -7.45648 2.1
      vertex 9.14637 -6.96594 4
      vertex 9.14591 -6.9673 4
    endloop
  endfacet
  facet normal 0.636609 -0.313692 0.704504
    outer loop
      vertex 9.31431 -6.47178 4
      vertex 11.0599 -7.19637 2.1
      vertex 11.1813 -6.95 2.1
    endloop
  endfacet
  facet normal 0.635814 -0.315443 0.704441
    outer loop
      vertex 11.0599 -7.19637 2.1
      vertex 9.31431 -6.47178 4
      vertex 9.31367 -6.47307 4
    endloop
  endfacet
  facet normal 0.221474 -0.674053 0.7047
    outer loop
      vertex 11.9659 -4.14637 4
      vertex 12.4565 -5.97156 2.1
      vertex 11.9673 -4.14591 4
    endloop
  endfacet
  facet normal 0.228125 -0.672049 0.704492
    outer loop
      vertex 12.4565 -5.97156 2.1
      vertex 11.9659 -4.14637 4
      vertex 12.1964 -6.05985 2.1
    endloop
  endfacet
  facet normal 0.138466 -0.696074 0.704491
    outer loop
      vertex 11.9687 -4.14562 4
      vertex 12.4565 -5.97156 2.1
      vertex 12.7259 -5.91797 2.1
    endloop
  endfacet
  facet normal 0.143922 -0.694794 0.704662
    outer loop
      vertex 12.4565 -5.97156 2.1
      vertex 11.9687 -4.14562 4
      vertex 11.9673 -4.14591 4
    endloop
  endfacet
  facet normal -0.313463 -0.636722 0.704504
    outer loop
      vertex 13.8036 -6.05985 2.1
      vertex 14.5282 -4.31431 4
      vertex 14.5269 -4.31367 4
    endloop
  endfacet
  facet normal -0.313876 -0.636535 0.70449
    outer loop
      vertex 14.5282 -4.31431 4
      vertex 13.8036 -6.05985 2.1
      vertex 14.05 -6.18135 2.1
    endloop
  endfacet
  facet normal -0.143922 -0.694794 0.704662
    outer loop
      vertex 14.0313 -4.14562 4
      vertex 13.5435 -5.97156 2.1
      vertex 14.0327 -4.14591 4
    endloop
  endfacet
  facet normal -0.138466 -0.696074 0.704491
    outer loop
      vertex 13.5435 -5.97156 2.1
      vertex 14.0313 -4.14562 4
      vertex 13.2741 -5.91797 2.1
    endloop
  endfacet
  facet normal -0.221474 -0.674053 0.7047
    outer loop
      vertex 13.5435 -5.97156 2.1
      vertex 14.0341 -4.14637 4
      vertex 14.0327 -4.14591 4
    endloop
  endfacet
  facet normal -0.228125 -0.672049 0.704492
    outer loop
      vertex 14.0341 -4.14637 4
      vertex 13.5435 -5.97156 2.1
      vertex 13.8036 -6.05985 2.1
    endloop
  endfacet
  facet normal -0.997851 -0.0655283 0
    outer loop
      vertex 15.1 52 0
      vertex 15.082 52.2741 2.1
      vertex 15.082 52.2741 0
    endloop
  endfacet
  facet normal -0.997851 -0.0655283 0
    outer loop
      vertex 15.082 52.2741 2.1
      vertex 15.1 52 0
      vertex 15.1 52 2.1
    endloop
  endfacet
  facet normal 0.997851 -0.0655283 0
    outer loop
      vertex 10.9 52 2.1
      vertex 10.918 52.2741 0
      vertex 10.918 52.2741 2.1
    endloop
  endfacet
  facet normal 0.997851 -0.0655283 0
    outer loop
      vertex 10.918 52.2741 0
      vertex 10.9 52 2.1
      vertex 10.9 52 0
    endloop
  endfacet
  facet normal 0.0655283 -0.997851 0
    outer loop
      vertex 12.7259 54.082 0
      vertex 13 54.1 2.1
      vertex 12.7259 54.082 2.1
    endloop
  endfacet
  facet normal 0.0655283 -0.997851 0
    outer loop
      vertex 13 54.1 2.1
      vertex 12.7259 54.082 0
      vertex 13 54.1 0
    endloop
  endfacet
  facet normal -0.0655283 0.997851 0
    outer loop
      vertex 13.2741 49.918 0
      vertex 13 49.9 2.1
      vertex 13.2741 49.918 2.1
    endloop
  endfacet
  facet normal -0.0655283 0.997851 0
    outer loop
      vertex 13 49.9 2.1
      vertex 13.2741 49.918 0
      vertex 13 49.9 0
    endloop
  endfacet
  facet normal -0.659355 -0.751832 0
    outer loop
      vertex 14.2784 53.666 0
      vertex 14.4849 53.4849 2.1
      vertex 14.2784 53.666 2.1
    endloop
  endfacet
  facet normal -0.659355 -0.751832 -0
    outer loop
      vertex 14.4849 53.4849 2.1
      vertex 14.2784 53.666 0
      vertex 14.4849 53.4849 0
    endloop
  endfacet
  facet normal 0.751832 -0.659355 0
    outer loop
      vertex 11.334 53.2784 2.1
      vertex 11.5151 53.4849 0
      vertex 11.5151 53.4849 2.1
    endloop
  endfacet
  facet normal 0.751832 -0.659355 0
    outer loop
      vertex 11.5151 53.4849 0
      vertex 11.334 53.2784 2.1
      vertex 11.334 53.2784 0
    endloop
  endfacet
  facet normal 0.441964 -0.897033 0
    outer loop
      vertex 11.95 53.8187 0
      vertex 12.1964 53.9401 2.1
      vertex 11.95 53.8187 2.1
    endloop
  endfacet
  facet normal 0.441964 -0.897033 0
    outer loop
      vertex 12.1964 53.9401 2.1
      vertex 11.95 53.8187 0
      vertex 12.1964 53.9401 0
    endloop
  endfacet
  facet normal -0.831322 0.555792 0
    outer loop
      vertex 14.666 50.7216 0
      vertex 14.8187 50.95 2.1
      vertex 14.8187 50.95 0
    endloop
  endfacet
  facet normal -0.831322 0.555792 0
    outer loop
      vertex 14.8187 50.95 2.1
      vertex 14.666 50.7216 0
      vertex 14.666 50.7216 2.1
    endloop
  endfacet
  facet normal -0.897033 -0.441964 0
    outer loop
      vertex 14.9401 52.8036 0
      vertex 14.8187 53.05 2.1
      vertex 14.8187 53.05 0
    endloop
  endfacet
  facet normal -0.897033 -0.441964 0
    outer loop
      vertex 14.8187 53.05 2.1
      vertex 14.9401 52.8036 0
      vertex 14.9401 52.8036 2.1
    endloop
  endfacet
  facet normal -0.831322 -0.555792 0
    outer loop
      vertex 14.8187 53.05 0
      vertex 14.666 53.2784 2.1
      vertex 14.666 53.2784 0
    endloop
  endfacet
  facet normal -0.831322 -0.555792 0
    outer loop
      vertex 14.666 53.2784 2.1
      vertex 14.8187 53.05 0
      vertex 14.8187 53.05 2.1
    endloop
  endfacet
  facet normal -0.321465 -0.946921 0
    outer loop
      vertex 13.5435 54.0284 0
      vertex 13.8036 53.9401 2.1
      vertex 13.5435 54.0284 2.1
    endloop
  endfacet
  facet normal -0.321465 -0.946921 -0
    outer loop
      vertex 13.8036 53.9401 2.1
      vertex 13.5435 54.0284 0
      vertex 13.8036 53.9401 0
    endloop
  endfacet
  facet normal -0.195136 -0.980776 0
    outer loop
      vertex 13.2741 54.082 0
      vertex 13.5435 54.0284 2.1
      vertex 13.2741 54.082 2.1
    endloop
  endfacet
  facet normal -0.195136 -0.980776 -0
    outer loop
      vertex 13.5435 54.0284 2.1
      vertex 13.2741 54.082 0
      vertex 13.5435 54.0284 0
    endloop
  endfacet
  facet normal -0.555792 -0.831322 0
    outer loop
      vertex 14.05 53.8187 0
      vertex 14.2784 53.666 2.1
      vertex 14.05 53.8187 2.1
    endloop
  endfacet
  facet normal -0.555792 -0.831322 -0
    outer loop
      vertex 14.2784 53.666 2.1
      vertex 14.05 53.8187 0
      vertex 14.2784 53.666 0
    endloop
  endfacet
  facet normal 0.897033 -0.441964 0
    outer loop
      vertex 11.0599 52.8036 2.1
      vertex 11.1813 53.05 0
      vertex 11.1813 53.05 2.1
    endloop
  endfacet
  facet normal 0.897033 -0.441964 0
    outer loop
      vertex 11.1813 53.05 0
      vertex 11.0599 52.8036 2.1
      vertex 11.0599 52.8036 0
    endloop
  endfacet
  facet normal 0.831322 -0.555792 0
    outer loop
      vertex 11.1813 53.05 2.1
      vertex 11.334 53.2784 0
      vertex 11.334 53.2784 2.1
    endloop
  endfacet
  facet normal 0.831322 -0.555792 0
    outer loop
      vertex 11.334 53.2784 0
      vertex 11.1813 53.05 2.1
      vertex 11.1813 53.05 0
    endloop
  endfacet
  facet normal 0.555792 -0.831322 0
    outer loop
      vertex 11.7216 53.666 0
      vertex 11.95 53.8187 2.1
      vertex 11.7216 53.666 2.1
    endloop
  endfacet
  facet normal 0.555792 -0.831322 0
    outer loop
      vertex 11.95 53.8187 2.1
      vertex 11.7216 53.666 0
      vertex 11.95 53.8187 0
    endloop
  endfacet
  facet normal 0.321465 -0.946921 0
    outer loop
      vertex 12.1964 53.9401 0
      vertex 12.4565 54.0284 2.1
      vertex 12.1964 53.9401 2.1
    endloop
  endfacet
  facet normal 0.321465 -0.946921 0
    outer loop
      vertex 12.4565 54.0284 2.1
      vertex 12.1964 53.9401 0
      vertex 12.4565 54.0284 0
    endloop
  endfacet
  facet normal -0.980776 0.195136 0
    outer loop
      vertex 15.0284 51.4565 0
      vertex 15.082 51.7259 2.1
      vertex 15.082 51.7259 0
    endloop
  endfacet
  facet normal -0.980776 0.195136 0
    outer loop
      vertex 15.082 51.7259 2.1
      vertex 15.0284 51.4565 0
      vertex 15.0284 51.4565 2.1
    endloop
  endfacet
  facet normal -0.195136 0.980776 0
    outer loop
      vertex 13.5435 49.9716 0
      vertex 13.2741 49.918 2.1
      vertex 13.5435 49.9716 2.1
    endloop
  endfacet
  facet normal -0.195136 0.980776 0
    outer loop
      vertex 13.2741 49.918 2.1
      vertex 13.5435 49.9716 0
      vertex 13.2741 49.918 0
    endloop
  endfacet
  facet normal -0.441964 0.897033 0
    outer loop
      vertex 14.05 50.1813 0
      vertex 13.8036 50.0599 2.1
      vertex 14.05 50.1813 2.1
    endloop
  endfacet
  facet normal -0.441964 0.897033 0
    outer loop
      vertex 13.8036 50.0599 2.1
      vertex 14.05 50.1813 0
      vertex 13.8036 50.0599 0
    endloop
  endfacet
  facet normal -0.946921 -0.321465 0
    outer loop
      vertex 15.0284 52.5435 0
      vertex 14.9401 52.8036 2.1
      vertex 14.9401 52.8036 0
    endloop
  endfacet
  facet normal -0.946921 -0.321465 0
    outer loop
      vertex 14.9401 52.8036 2.1
      vertex 15.0284 52.5435 0
      vertex 15.0284 52.5435 2.1
    endloop
  endfacet
  facet normal -0.980776 -0.195136 0
    outer loop
      vertex 15.082 52.2741 0
      vertex 15.0284 52.5435 2.1
      vertex 15.0284 52.5435 0
    endloop
  endfacet
  facet normal -0.980776 -0.195136 0
    outer loop
      vertex 15.0284 52.5435 2.1
      vertex 15.082 52.2741 0
      vertex 15.082 52.2741 2.1
    endloop
  endfacet
  facet normal -0.751832 -0.659355 0
    outer loop
      vertex 14.666 53.2784 0
      vertex 14.4849 53.4849 2.1
      vertex 14.4849 53.4849 0
    endloop
  endfacet
  facet normal -0.751832 -0.659355 0
    outer loop
      vertex 14.4849 53.4849 2.1
      vertex 14.666 53.2784 0
      vertex 14.666 53.2784 2.1
    endloop
  endfacet
  facet normal -0.0655283 -0.997851 0
    outer loop
      vertex 13 54.1 0
      vertex 13.2741 54.082 2.1
      vertex 13 54.1 2.1
    endloop
  endfacet
  facet normal -0.0655283 -0.997851 -0
    outer loop
      vertex 13.2741 54.082 2.1
      vertex 13 54.1 0
      vertex 13.2741 54.082 0
    endloop
  endfacet
  facet normal -0.441964 -0.897033 0
    outer loop
      vertex 13.8036 53.9401 0
      vertex 14.05 53.8187 2.1
      vertex 13.8036 53.9401 2.1
    endloop
  endfacet
  facet normal -0.441964 -0.897033 -0
    outer loop
      vertex 14.05 53.8187 2.1
      vertex 13.8036 53.9401 0
      vertex 14.05 53.8187 0
    endloop
  endfacet
  facet normal 0.946921 -0.321465 0
    outer loop
      vertex 10.9716 52.5435 2.1
      vertex 11.0599 52.8036 0
      vertex 11.0599 52.8036 2.1
    endloop
  endfacet
  facet normal 0.946921 -0.321465 0
    outer loop
      vertex 11.0599 52.8036 0
      vertex 10.9716 52.5435 2.1
      vertex 10.9716 52.5435 0
    endloop
  endfacet
  facet normal 0.980776 -0.195136 0
    outer loop
      vertex 10.918 52.2741 2.1
      vertex 10.9716 52.5435 0
      vertex 10.9716 52.5435 2.1
    endloop
  endfacet
  facet normal 0.980776 -0.195136 0
    outer loop
      vertex 10.9716 52.5435 0
      vertex 10.918 52.2741 2.1
      vertex 10.918 52.2741 0
    endloop
  endfacet
  facet normal 0.659355 -0.751832 0
    outer loop
      vertex 11.5151 53.4849 0
      vertex 11.7216 53.666 2.1
      vertex 11.5151 53.4849 2.1
    endloop
  endfacet
  facet normal 0.659355 -0.751832 0
    outer loop
      vertex 11.7216 53.666 2.1
      vertex 11.5151 53.4849 0
      vertex 11.7216 53.666 0
    endloop
  endfacet
  facet normal 0.195136 -0.980776 0
    outer loop
      vertex 12.4565 54.0284 0
      vertex 12.7259 54.082 2.1
      vertex 12.4565 54.0284 2.1
    endloop
  endfacet
  facet normal 0.195136 -0.980776 0
    outer loop
      vertex 12.7259 54.082 2.1
      vertex 12.4565 54.0284 0
      vertex 12.7259 54.082 0
    endloop
  endfacet
  facet normal -0.997851 0.0655283 0
    outer loop
      vertex 15.082 51.7259 0
      vertex 15.1 52 2.1
      vertex 15.1 52 0
    endloop
  endfacet
  facet normal -0.997851 0.0655283 0
    outer loop
      vertex 15.1 52 2.1
      vertex 15.082 51.7259 0
      vertex 15.082 51.7259 2.1
    endloop
  endfacet
  facet normal -0.751832 0.659355 0
    outer loop
      vertex 14.4849 50.5151 0
      vertex 14.666 50.7216 2.1
      vertex 14.666 50.7216 0
    endloop
  endfacet
  facet normal -0.751832 0.659355 0
    outer loop
      vertex 14.666 50.7216 2.1
      vertex 14.4849 50.5151 0
      vertex 14.4849 50.5151 2.1
    endloop
  endfacet
  facet normal 0.997851 0.0655283 0
    outer loop
      vertex 10.918 51.7259 2.1
      vertex 10.9 52 0
      vertex 10.9 52 2.1
    endloop
  endfacet
  facet normal 0.997851 0.0655283 0
    outer loop
      vertex 10.9 52 0
      vertex 10.918 51.7259 2.1
      vertex 10.918 51.7259 0
    endloop
  endfacet
  facet normal -0.897033 0.441964 0
    outer loop
      vertex 14.8187 50.95 0
      vertex 14.9401 51.1964 2.1
      vertex 14.9401 51.1964 0
    endloop
  endfacet
  facet normal -0.897033 0.441964 0
    outer loop
      vertex 14.9401 51.1964 2.1
      vertex 14.8187 50.95 0
      vertex 14.8187 50.95 2.1
    endloop
  endfacet
  facet normal -0.946921 0.321465 0
    outer loop
      vertex 14.9401 51.1964 0
      vertex 15.0284 51.4565 2.1
      vertex 15.0284 51.4565 0
    endloop
  endfacet
  facet normal -0.946921 0.321465 0
    outer loop
      vertex 15.0284 51.4565 2.1
      vertex 14.9401 51.1964 0
      vertex 14.9401 51.1964 2.1
    endloop
  endfacet
  facet normal -0.555792 0.831322 0
    outer loop
      vertex 14.2784 50.334 0
      vertex 14.05 50.1813 2.1
      vertex 14.2784 50.334 2.1
    endloop
  endfacet
  facet normal -0.555792 0.831322 0
    outer loop
      vertex 14.05 50.1813 2.1
      vertex 14.2784 50.334 0
      vertex 14.05 50.1813 0
    endloop
  endfacet
  facet normal -0.659355 0.751832 0
    outer loop
      vertex 14.4849 50.5151 0
      vertex 14.2784 50.334 2.1
      vertex 14.4849 50.5151 2.1
    endloop
  endfacet
  facet normal -0.659355 0.751832 0
    outer loop
      vertex 14.2784 50.334 2.1
      vertex 14.4849 50.5151 0
      vertex 14.2784 50.334 0
    endloop
  endfacet
  facet normal 0.831322 0.555792 0
    outer loop
      vertex 11.334 50.7216 2.1
      vertex 11.1813 50.95 0
      vertex 11.1813 50.95 2.1
    endloop
  endfacet
  facet normal 0.831322 0.555792 0
    outer loop
      vertex 11.1813 50.95 0
      vertex 11.334 50.7216 2.1
      vertex 11.334 50.7216 0
    endloop
  endfacet
  facet normal -0.321465 0.946921 0
    outer loop
      vertex 13.8036 50.0599 0
      vertex 13.5435 49.9716 2.1
      vertex 13.8036 50.0599 2.1
    endloop
  endfacet
  facet normal -0.321465 0.946921 0
    outer loop
      vertex 13.5435 49.9716 2.1
      vertex 13.8036 50.0599 0
      vertex 13.5435 49.9716 0
    endloop
  endfacet
  facet normal 0.195136 0.980776 -0
    outer loop
      vertex 12.7259 49.918 0
      vertex 12.4565 49.9716 2.1
      vertex 12.7259 49.918 2.1
    endloop
  endfacet
  facet normal 0.195136 0.980776 0
    outer loop
      vertex 12.4565 49.9716 2.1
      vertex 12.7259 49.918 0
      vertex 12.4565 49.9716 0
    endloop
  endfacet
  facet normal 0.659355 0.751832 -0
    outer loop
      vertex 11.7216 50.334 0
      vertex 11.5151 50.5151 2.1
      vertex 11.7216 50.334 2.1
    endloop
  endfacet
  facet normal 0.659355 0.751832 0
    outer loop
      vertex 11.5151 50.5151 2.1
      vertex 11.7216 50.334 0
      vertex 11.5151 50.5151 0
    endloop
  endfacet
  facet normal 0.751832 0.659355 0
    outer loop
      vertex 11.5151 50.5151 2.1
      vertex 11.334 50.7216 0
      vertex 11.334 50.7216 2.1
    endloop
  endfacet
  facet normal 0.751832 0.659355 0
    outer loop
      vertex 11.334 50.7216 0
      vertex 11.5151 50.5151 2.1
      vertex 11.5151 50.5151 0
    endloop
  endfacet
  facet normal 0.897033 0.441964 0
    outer loop
      vertex 11.1813 50.95 2.1
      vertex 11.0599 51.1964 0
      vertex 11.0599 51.1964 2.1
    endloop
  endfacet
  facet normal 0.897033 0.441964 0
    outer loop
      vertex 11.0599 51.1964 0
      vertex 11.1813 50.95 2.1
      vertex 11.1813 50.95 0
    endloop
  endfacet
  facet normal 0.946921 0.321465 0
    outer loop
      vertex 11.0599 51.1964 2.1
      vertex 10.9716 51.4565 0
      vertex 10.9716 51.4565 2.1
    endloop
  endfacet
  facet normal 0.946921 0.321465 0
    outer loop
      vertex 10.9716 51.4565 0
      vertex 11.0599 51.1964 2.1
      vertex 11.0599 51.1964 0
    endloop
  endfacet
  facet normal 0.980776 0.195136 0
    outer loop
      vertex 10.9716 51.4565 2.1
      vertex 10.918 51.7259 0
      vertex 10.918 51.7259 2.1
    endloop
  endfacet
  facet normal 0.980776 0.195136 0
    outer loop
      vertex 10.918 51.7259 0
      vertex 10.9716 51.4565 2.1
      vertex 10.9716 51.4565 0
    endloop
  endfacet
  facet normal 0.555792 0.831322 -0
    outer loop
      vertex 11.95 50.1813 0
      vertex 11.7216 50.334 2.1
      vertex 11.95 50.1813 2.1
    endloop
  endfacet
  facet normal 0.555792 0.831322 0
    outer loop
      vertex 11.7216 50.334 2.1
      vertex 11.95 50.1813 0
      vertex 11.7216 50.334 0
    endloop
  endfacet
  facet normal 0.441964 0.897033 -0
    outer loop
      vertex 12.1964 50.0599 0
      vertex 11.95 50.1813 2.1
      vertex 12.1964 50.0599 2.1
    endloop
  endfacet
  facet normal 0.441964 0.897033 0
    outer loop
      vertex 11.95 50.1813 2.1
      vertex 12.1964 50.0599 0
      vertex 11.95 50.1813 0
    endloop
  endfacet
  facet normal 0.0655283 0.997851 -0
    outer loop
      vertex 13 49.9 0
      vertex 12.7259 49.918 2.1
      vertex 13 49.9 2.1
    endloop
  endfacet
  facet normal 0.0655283 0.997851 0
    outer loop
      vertex 12.7259 49.918 2.1
      vertex 13 49.9 0
      vertex 12.7259 49.918 0
    endloop
  endfacet
  facet normal 0.321465 0.946921 -0
    outer loop
      vertex 12.4565 49.9716 0
      vertex 12.1964 50.0599 2.1
      vertex 12.4565 49.9716 2.1
    endloop
  endfacet
  facet normal 0.321465 0.946921 0
    outer loop
      vertex 12.1964 50.0599 2.1
      vertex 12.4565 49.9716 0
      vertex 12.1964 50.0599 0
    endloop
  endfacet
  facet normal -0.708186 -0.0465062 0.704493
    outer loop
      vertex 15.1 52 2.1
      vertex 16.99 52.0014 4
      vertex 15.082 52.2741 2.1
    endloop
  endfacet
  facet normal -0.708044 -0.0505746 0.704355
    outer loop
      vertex 16.99 52.0014 4
      vertex 15.1 52 2.1
      vertex 16.9901 52 4
    endloop
  endfacet
  facet normal 0.708226 0.0455288 0.704517
    outer loop
      vertex 9.01004 51.9986 4
      vertex 10.9 52 2.1
      vertex 9.00995 52 4
    endloop
  endfacet
  facet normal 0.708193 0.0465067 0.704485
    outer loop
      vertex 10.9 52 2.1
      vertex 9.01004 51.9986 4
      vertex 10.918 51.7259 2.1
    endloop
  endfacet
  facet normal 0.0465062 -0.708186 0.704493
    outer loop
      vertex 13 54.1 2.1
      vertex 12.9986 55.99 4
      vertex 12.7259 54.082 2.1
    endloop
  endfacet
  facet normal 0.0505746 -0.708044 0.704355
    outer loop
      vertex 12.9986 55.99 4
      vertex 13 54.1 2.1
      vertex 13 55.9901 4
    endloop
  endfacet
  facet normal -0.708185 0.0464943 0.704494
    outer loop
      vertex 16.9559 51.4792 4
      vertex 16.99 51.9986 4
      vertex 15.082 51.7259 2.1
    endloop
  endfacet
  facet normal -0.0465062 0.708186 0.704493
    outer loop
      vertex 13 49.9 2.1
      vertex 13.0014 48.01 4
      vertex 13.2741 49.918 2.1
    endloop
  endfacet
  facet normal -0.0505746 0.708044 0.704355
    outer loop
      vertex 13.0014 48.01 4
      vertex 13 49.9 2.1
      vertex 13 48.0099 4
    endloop
  endfacet
  facet normal 0.70819 -0.0464127 0.704495
    outer loop
      vertex 10.918 52.2741 2.1
      vertex 9.04408 52.5208 4
      vertex 9.01004 52.0014 4
    endloop
  endfacet
  facet normal -0.67204 0.22815 0.704493
    outer loop
      vertex 16.6863 50.4731 4
      vertex 16.8536 50.9659 4
      vertex 14.9401 51.1964 2.1
    endloop
  endfacet
  facet normal -0.138399 0.696085 0.704493
    outer loop
      vertex 13.5208 48.0441 4
      vertex 14.0313 48.1456 4
      vertex 13.2741 49.918 2.1
    endloop
  endfacet
  facet normal 0.467955 0.533587 0.704488
    outer loop
      vertex 11.5151 50.5151 2.1
      vertex 10.1797 49.1777 4
      vertex 11.7216 50.334 2.1
    endloop
  endfacet
  facet normal 0.450045 0.550055 0.703491
    outer loop
      vertex 10.1797 49.1777 4
      vertex 11.5151 50.5151 2.1
      vertex 10.1786 49.1786 4
    endloop
  endfacet
  facet normal 0.672035 -0.228148 0.704498
    outer loop
      vertex 11.0599 52.8036 2.1
      vertex 9.31367 53.5269 4
      vertex 9.14637 53.0341 4
    endloop
  endfacet
  facet normal 0.138399 -0.696085 0.704493
    outer loop
      vertex 12.7259 54.082 2.1
      vertex 12.4792 55.9559 4
      vertex 11.9687 55.8544 4
    endloop
  endfacet
  facet normal -0.450045 -0.550055 0.703491
    outer loop
      vertex 15.8203 54.8223 4
      vertex 14.4849 53.4849 2.1
      vertex 15.8214 54.8214 4
    endloop
  endfacet
  facet normal -0.467955 -0.533587 0.704488
    outer loop
      vertex 14.4849 53.4849 2.1
      vertex 15.8203 54.8223 4
      vertex 14.2784 53.666 2.1
    endloop
  endfacet
  facet normal -0.708185 -0.0464943 0.704494
    outer loop
      vertex 16.99 52.0014 4
      vertex 16.9559 52.5208 4
      vertex 15.082 52.2741 2.1
    endloop
  endfacet
  facet normal -0.533587 0.467955 0.704488
    outer loop
      vertex 14.4849 50.5151 2.1
      vertex 15.8223 49.1797 4
      vertex 14.666 50.7216 2.1
    endloop
  endfacet
  facet normal -0.550055 0.450045 0.703491
    outer loop
      vertex 15.8223 49.1797 4
      vertex 14.4849 50.5151 2.1
      vertex 15.8214 49.1786 4
    endloop
  endfacet
  facet normal -0.313902 0.636532 0.70448
    outer loop
      vertex 14.5282 48.3143 4
      vertex 14.995 48.5445 4
      vertex 14.05 50.1813 2.1
    endloop
  endfacet
  facet normal 0.672035 0.228148 0.704498
    outer loop
      vertex 9.31367 50.4731 4
      vertex 11.0599 51.1964 2.1
      vertex 9.14637 50.9659 4
    endloop
  endfacet
  facet normal 0.589991 0.394447 0.704501
    outer loop
      vertex 9.83368 49.5722 4
      vertex 11.334 50.7216 2.1
      vertex 11.1813 50.95 2.1
    endloop
  endfacet
  facet normal 0.590533 0.393689 0.704471
    outer loop
      vertex 11.334 50.7216 2.1
      vertex 9.83368 49.5722 4
      vertex 9.83448 49.571 4
    endloop
  endfacet
  facet normal 0.550055 -0.450045 0.703491
    outer loop
      vertex 10.1777 54.8203 4
      vertex 11.5151 53.4849 2.1
      vertex 10.1786 54.8214 4
    endloop
  endfacet
  facet normal 0.533587 -0.467955 0.704488
    outer loop
      vertex 11.5151 53.4849 2.1
      vertex 10.1777 54.8203 4
      vertex 11.334 53.2784 2.1
    endloop
  endfacet
  facet normal 0.313902 -0.636532 0.70448
    outer loop
      vertex 11.95 53.8187 2.1
      vertex 11.4718 55.6857 4
      vertex 11.005 55.4555 4
    endloop
  endfacet
  facet normal -0.0464943 -0.708185 0.704494
    outer loop
      vertex 13.2741 54.082 2.1
      vertex 13.5208 55.9559 4
      vertex 13.0014 55.99 4
    endloop
  endfacet
  facet normal -0.22815 -0.67204 0.704493
    outer loop
      vertex 14.5269 55.6863 4
      vertex 14.0341 55.8536 4
      vertex 13.8036 53.9401 2.1
    endloop
  endfacet
  facet normal -0.67204 -0.22815 0.704493
    outer loop
      vertex 16.8536 53.0341 4
      vertex 16.6863 53.5269 4
      vertex 14.9401 52.8036 2.1
    endloop
  endfacet
  facet normal -0.590536 -0.393691 0.704468
    outer loop
      vertex 14.666 53.2784 2.1
      vertex 16.1663 54.4278 4
      vertex 16.1655 54.429 4
    endloop
  endfacet
  facet normal -0.589994 -0.394449 0.704498
    outer loop
      vertex 16.1663 54.4278 4
      vertex 14.666 53.2784 2.1
      vertex 14.8187 53.05 2.1
    endloop
  endfacet
  facet normal -0.693657 -0.148641 0.704802
    outer loop
      vertex 15.0284 52.5435 2.1
      vertex 16.8544 53.0313 4
      vertex 16.8541 53.0327 4
    endloop
  endfacet
  facet normal -0.696058 -0.138488 0.704503
    outer loop
      vertex 16.8544 53.0313 4
      vertex 15.0284 52.5435 2.1
      vertex 15.082 52.2741 2.1
    endloop
  endfacet
  facet normal -0.668744 -0.238837 0.704087
    outer loop
      vertex 16.8536 53.0341 4
      vertex 15.0284 52.5435 2.1
      vertex 16.8541 53.0327 4
    endloop
  endfacet
  facet normal -0.67204 -0.228147 0.704493
    outer loop
      vertex 15.0284 52.5435 2.1
      vertex 16.8536 53.0341 4
      vertex 14.9401 52.8036 2.1
    endloop
  endfacet
  facet normal -0.708044 0.0505746 0.704355
    outer loop
      vertex 15.1 52 2.1
      vertex 16.99 51.9986 4
      vertex 16.9901 52 4
    endloop
  endfacet
  facet normal -0.708186 0.0465062 0.704493
    outer loop
      vertex 16.99 51.9986 4
      vertex 15.1 52 2.1
      vertex 15.082 51.7259 2.1
    endloop
  endfacet
  facet normal -0.0464943 0.708185 0.704494
    outer loop
      vertex 13.5208 48.0441 4
      vertex 13.2741 49.918 2.1
      vertex 13.0014 48.01 4
    endloop
  endfacet
  facet normal -0.467976 0.533564 0.704491
    outer loop
      vertex 15.429 48.8345 4
      vertex 15.8203 49.1777 4
      vertex 14.2784 50.334 2.1
    endloop
  endfacet
  facet normal -0.393691 0.590536 0.704468
    outer loop
      vertex 14.2784 50.334 2.1
      vertex 15.4278 48.8337 4
      vertex 15.429 48.8345 4
    endloop
  endfacet
  facet normal -0.394449 0.589994 0.704498
    outer loop
      vertex 15.4278 48.8337 4
      vertex 14.2784 50.334 2.1
      vertex 14.05 50.1813 2.1
    endloop
  endfacet
  facet normal 0.70819 0.0464127 0.704495
    outer loop
      vertex 9.04408 51.4792 4
      vertex 10.918 51.7259 2.1
      vertex 9.01004 51.9986 4
    endloop
  endfacet
  facet normal 0.533549 0.46799 0.704493
    outer loop
      vertex 10.1777 49.1797 4
      vertex 11.334 50.7216 2.1
      vertex 9.83448 49.571 4
    endloop
  endfacet
  facet normal 0.636533 0.313903 0.704479
    outer loop
      vertex 9.54451 50.005 4
      vertex 11.1813 50.95 2.1
      vertex 9.31431 50.4718 4
    endloop
  endfacet
  facet normal 0.394449 0.589994 0.704498
    outer loop
      vertex 11.7216 50.334 2.1
      vertex 10.5722 48.8337 4
      vertex 11.95 50.1813 2.1
    endloop
  endfacet
  facet normal 0.393691 0.590536 0.704468
    outer loop
      vertex 10.5722 48.8337 4
      vertex 11.7216 50.334 2.1
      vertex 10.571 48.8345 4
    endloop
  endfacet
  facet normal 0.467976 0.533564 0.704491
    outer loop
      vertex 10.571 48.8345 4
      vertex 11.7216 50.334 2.1
      vertex 10.1797 49.1777 4
    endloop
  endfacet
  facet normal 0.0464943 0.708185 0.704494
    outer loop
      vertex 12.9986 48.01 4
      vertex 12.7259 49.918 2.1
      vertex 12.4792 48.0441 4
    endloop
  endfacet
  facet normal 0.138399 0.696085 0.704493
    outer loop
      vertex 12.4792 48.0441 4
      vertex 12.7259 49.918 2.1
      vertex 11.9687 48.1456 4
    endloop
  endfacet
  facet normal 0.708226 -0.0455288 0.704517
    outer loop
      vertex 10.9 52 2.1
      vertex 9.01004 52.0014 4
      vertex 9.00995 52 4
    endloop
  endfacet
  facet normal 0.708193 -0.0465067 0.704485
    outer loop
      vertex 9.01004 52.0014 4
      vertex 10.9 52 2.1
      vertex 10.918 52.2741 2.1
    endloop
  endfacet
  facet normal 0.0464943 -0.708185 0.704494
    outer loop
      vertex 12.7259 54.082 2.1
      vertex 12.9986 55.99 4
      vertex 12.4792 55.9559 4
    endloop
  endfacet
  facet normal 0.467976 -0.533564 0.704491
    outer loop
      vertex 11.7216 53.666 2.1
      vertex 10.571 55.1655 4
      vertex 10.1797 54.8223 4
    endloop
  endfacet
  facet normal 0.394449 -0.589994 0.704498
    outer loop
      vertex 10.5722 55.1663 4
      vertex 11.7216 53.666 2.1
      vertex 11.95 53.8187 2.1
    endloop
  endfacet
  facet normal 0.393691 -0.590536 0.704468
    outer loop
      vertex 11.7216 53.666 2.1
      vertex 10.5722 55.1663 4
      vertex 10.571 55.1655 4
    endloop
  endfacet
  facet normal -0.0505746 -0.708044 0.704355
    outer loop
      vertex 13 54.1 2.1
      vertex 13.0014 55.99 4
      vertex 13 55.9901 4
    endloop
  endfacet
  facet normal -0.0465062 -0.708186 0.704493
    outer loop
      vertex 13.0014 55.99 4
      vertex 13 54.1 2.1
      vertex 13.2741 54.082 2.1
    endloop
  endfacet
  facet normal -0.533564 -0.467976 0.704491
    outer loop
      vertex 16.1655 54.429 4
      vertex 15.8223 54.8203 4
      vertex 14.666 53.2784 2.1
    endloop
  endfacet
  facet normal -0.636532 -0.313902 0.70448
    outer loop
      vertex 16.6857 53.5282 4
      vertex 16.4555 53.995 4
      vertex 14.8187 53.05 2.1
    endloop
  endfacet
  facet normal -0.696085 -0.138399 0.704493
    outer loop
      vertex 16.9559 52.5208 4
      vertex 16.8544 53.0313 4
      vertex 15.082 52.2741 2.1
    endloop
  endfacet
  facet normal -0.696085 0.138399 0.704493
    outer loop
      vertex 16.8544 50.9687 4
      vertex 16.9559 51.4792 4
      vertex 15.082 51.7259 2.1
    endloop
  endfacet
  facet normal -0.636532 0.313902 0.70448
    outer loop
      vertex 16.4555 50.005 4
      vertex 16.6857 50.4718 4
      vertex 14.8187 50.95 2.1
    endloop
  endfacet
  facet normal -0.533564 0.467976 0.704491
    outer loop
      vertex 15.8223 49.1797 4
      vertex 16.1655 49.571 4
      vertex 14.666 50.7216 2.1
    endloop
  endfacet
  facet normal -0.590106 0.394313 0.70448
    outer loop
      vertex 16.1663 49.5722 4
      vertex 16.4555 50.005 4
      vertex 14.8187 50.95 2.1
    endloop
  endfacet
  facet normal -0.589994 0.394449 0.704498
    outer loop
      vertex 14.666 50.7216 2.1
      vertex 16.1663 49.5722 4
      vertex 14.8187 50.95 2.1
    endloop
  endfacet
  facet normal -0.590536 0.393691 0.704468
    outer loop
      vertex 16.1663 49.5722 4
      vertex 14.666 50.7216 2.1
      vertex 16.1655 49.571 4
    endloop
  endfacet
  facet normal -0.31366 0.636621 0.704507
    outer loop
      vertex 13.8036 50.0599 2.1
      vertex 14.5282 48.3143 4
      vertex 14.05 50.1813 2.1
    endloop
  endfacet
  facet normal -0.29721 0.643956 0.704973
    outer loop
      vertex 14.5282 48.3143 4
      vertex 13.8036 50.0599 2.1
      vertex 14.5269 48.3137 4
    endloop
  endfacet
  facet normal -0.22815 0.67204 0.704493
    outer loop
      vertex 14.0341 48.1464 4
      vertex 14.5269 48.3137 4
      vertex 13.8036 50.0599 2.1
    endloop
  endfacet
  facet normal -0.394313 0.590106 0.70448
    outer loop
      vertex 14.995 48.5445 4
      vertex 15.4278 48.8337 4
      vertex 14.05 50.1813 2.1
    endloop
  endfacet
  facet normal -0.450045 0.550055 0.703491
    outer loop
      vertex 14.4849 50.5151 2.1
      vertex 15.8203 49.1777 4
      vertex 15.8214 49.1786 4
    endloop
  endfacet
  facet normal -0.467955 0.533587 0.704488
    outer loop
      vertex 15.8203 49.1777 4
      vertex 14.4849 50.5151 2.1
      vertex 14.2784 50.334 2.1
    endloop
  endfacet
  facet normal 0.696071 0.138464 0.704495
    outer loop
      vertex 9.14563 50.9687 4
      vertex 10.918 51.7259 2.1
      vertex 9.04408 51.4792 4
    endloop
  endfacet
  facet normal 0.636623 0.313661 0.704506
    outer loop
      vertex 11.0599 51.1964 2.1
      vertex 9.31431 50.4718 4
      vertex 11.1813 50.95 2.1
    endloop
  endfacet
  facet normal 0.636714 0.313459 0.704513
    outer loop
      vertex 9.31431 50.4718 4
      vertex 11.0599 51.1964 2.1
      vertex 9.31367 50.4731 4
    endloop
  endfacet
  facet normal 0.533587 0.467955 0.704488
    outer loop
      vertex 10.1777 49.1797 4
      vertex 11.5151 50.5151 2.1
      vertex 11.334 50.7216 2.1
    endloop
  endfacet
  facet normal 0.550055 0.450045 0.703491
    outer loop
      vertex 11.5151 50.5151 2.1
      vertex 10.1777 49.1797 4
      vertex 10.1786 49.1786 4
    endloop
  endfacet
  facet normal 0.590125 0.394285 0.704479
    outer loop
      vertex 9.83368 49.5722 4
      vertex 11.1813 50.95 2.1
      vertex 9.54451 50.005 4
    endloop
  endfacet
  facet normal 0.31366 0.636621 0.704507
    outer loop
      vertex 11.4718 48.3143 4
      vertex 12.1964 50.0599 2.1
      vertex 11.95 50.1813 2.1
    endloop
  endfacet
  facet normal 0.29721 0.643956 0.704973
    outer loop
      vertex 12.1964 50.0599 2.1
      vertex 11.4718 48.3143 4
      vertex 11.4731 48.3137 4
    endloop
  endfacet
  facet normal 0.138488 0.696058 0.704503
    outer loop
      vertex 12.4565 49.9716 2.1
      vertex 11.9687 48.1456 4
      vertex 12.7259 49.918 2.1
    endloop
  endfacet
  facet normal 0.148641 0.693657 0.704802
    outer loop
      vertex 11.9687 48.1456 4
      vertex 12.4565 49.9716 2.1
      vertex 11.9673 48.1459 4
    endloop
  endfacet
  facet normal 0.0505746 0.708044 0.704355
    outer loop
      vertex 13 49.9 2.1
      vertex 12.9986 48.01 4
      vertex 13 48.0099 4
    endloop
  endfacet
  facet normal 0.0465062 0.708186 0.704493
    outer loop
      vertex 12.9986 48.01 4
      vertex 13 49.9 2.1
      vertex 12.7259 49.918 2.1
    endloop
  endfacet
  facet normal 0.696071 -0.138464 0.704495
    outer loop
      vertex 10.918 52.2741 2.1
      vertex 9.14563 53.0313 4
      vertex 9.04408 52.5208 4
    endloop
  endfacet
  facet normal 0.636533 -0.313903 0.704479
    outer loop
      vertex 11.1813 53.05 2.1
      vertex 9.54451 53.995 4
      vertex 9.31431 53.5282 4
    endloop
  endfacet
  facet normal 0.533549 -0.46799 0.704493
    outer loop
      vertex 11.334 53.2784 2.1
      vertex 10.1777 54.8203 4
      vertex 9.83448 54.429 4
    endloop
  endfacet
  facet normal 0.590125 -0.394285 0.704479
    outer loop
      vertex 11.1813 53.05 2.1
      vertex 9.83368 54.4278 4
      vertex 9.54451 53.995 4
    endloop
  endfacet
  facet normal 0.590533 -0.393689 0.704471
    outer loop
      vertex 9.83368 54.4278 4
      vertex 11.334 53.2784 2.1
      vertex 9.83448 54.429 4
    endloop
  endfacet
  facet normal 0.589991 -0.394447 0.704501
    outer loop
      vertex 11.334 53.2784 2.1
      vertex 9.83368 54.4278 4
      vertex 11.1813 53.05 2.1
    endloop
  endfacet
  facet normal 0.29721 -0.643956 0.704973
    outer loop
      vertex 11.4718 55.6857 4
      vertex 12.1964 53.9401 2.1
      vertex 11.4731 55.6863 4
    endloop
  endfacet
  facet normal 0.31366 -0.636621 0.704507
    outer loop
      vertex 12.1964 53.9401 2.1
      vertex 11.4718 55.6857 4
      vertex 11.95 53.8187 2.1
    endloop
  endfacet
  facet normal 0.22815 -0.67204 0.704493
    outer loop
      vertex 12.1964 53.9401 2.1
      vertex 11.9659 55.8536 4
      vertex 11.4731 55.6863 4
    endloop
  endfacet
  facet normal 0.394313 -0.590106 0.70448
    outer loop
      vertex 11.95 53.8187 2.1
      vertex 11.005 55.4555 4
      vertex 10.5722 55.1663 4
    endloop
  endfacet
  facet normal 0.467955 -0.533587 0.704488
    outer loop
      vertex 10.1797 54.8223 4
      vertex 11.5151 53.4849 2.1
      vertex 11.7216 53.666 2.1
    endloop
  endfacet
  facet normal 0.450045 -0.550055 0.703491
    outer loop
      vertex 11.5151 53.4849 2.1
      vertex 10.1797 54.8223 4
      vertex 10.1786 54.8214 4
    endloop
  endfacet
  facet normal -0.313902 -0.636532 0.70448
    outer loop
      vertex 14.995 55.4555 4
      vertex 14.5282 55.6857 4
      vertex 14.05 53.8187 2.1
    endloop
  endfacet
  facet normal -0.467976 -0.533564 0.704491
    outer loop
      vertex 15.8203 54.8223 4
      vertex 15.429 55.1655 4
      vertex 14.2784 53.666 2.1
    endloop
  endfacet
  facet normal -0.394313 -0.590106 0.70448
    outer loop
      vertex 15.4278 55.1663 4
      vertex 14.995 55.4555 4
      vertex 14.05 53.8187 2.1
    endloop
  endfacet
  facet normal -0.393691 -0.590536 0.704468
    outer loop
      vertex 15.4278 55.1663 4
      vertex 14.2784 53.666 2.1
      vertex 15.429 55.1655 4
    endloop
  endfacet
  facet normal -0.394449 -0.589994 0.704498
    outer loop
      vertex 14.2784 53.666 2.1
      vertex 15.4278 55.1663 4
      vertex 14.05 53.8187 2.1
    endloop
  endfacet
  facet normal -0.138399 -0.696085 0.704493
    outer loop
      vertex 14.0313 55.8544 4
      vertex 13.5208 55.9559 4
      vertex 13.2741 54.082 2.1
    endloop
  endfacet
  facet normal -0.643956 -0.29721 0.704973
    outer loop
      vertex 16.6857 53.5282 4
      vertex 14.9401 52.8036 2.1
      vertex 16.6863 53.5269 4
    endloop
  endfacet
  facet normal -0.636621 -0.31366 0.704507
    outer loop
      vertex 14.9401 52.8036 2.1
      vertex 16.6857 53.5282 4
      vertex 14.8187 53.05 2.1
    endloop
  endfacet
  facet normal -0.550055 -0.450045 0.703491
    outer loop
      vertex 14.4849 53.4849 2.1
      vertex 15.8223 54.8203 4
      vertex 15.8214 54.8214 4
    endloop
  endfacet
  facet normal -0.533587 -0.467955 0.704488
    outer loop
      vertex 15.8223 54.8203 4
      vertex 14.4849 53.4849 2.1
      vertex 14.666 53.2784 2.1
    endloop
  endfacet
  facet normal -0.590106 -0.394313 0.70448
    outer loop
      vertex 16.4555 53.995 4
      vertex 16.1663 54.4278 4
      vertex 14.8187 53.05 2.1
    endloop
  endfacet
  facet normal -0.696058 0.138488 0.704503
    outer loop
      vertex 15.0284 51.4565 2.1
      vertex 16.8544 50.9687 4
      vertex 15.082 51.7259 2.1
    endloop
  endfacet
  facet normal -0.693657 0.148641 0.704802
    outer loop
      vertex 16.8544 50.9687 4
      vertex 15.0284 51.4565 2.1
      vertex 16.8541 50.9673 4
    endloop
  endfacet
  facet normal -0.668744 0.238837 0.704087
    outer loop
      vertex 15.0284 51.4565 2.1
      vertex 16.8536 50.9659 4
      vertex 16.8541 50.9673 4
    endloop
  endfacet
  facet normal -0.67204 0.228147 0.704493
    outer loop
      vertex 16.8536 50.9659 4
      vertex 15.0284 51.4565 2.1
      vertex 14.9401 51.1964 2.1
    endloop
  endfacet
  facet normal -0.643956 0.29721 0.704973
    outer loop
      vertex 14.9401 51.1964 2.1
      vertex 16.6857 50.4718 4
      vertex 16.6863 50.4731 4
    endloop
  endfacet
  facet normal -0.636621 0.31366 0.704507
    outer loop
      vertex 16.6857 50.4718 4
      vertex 14.9401 51.1964 2.1
      vertex 14.8187 50.95 2.1
    endloop
  endfacet
  facet normal -0.228147 0.67204 0.704493
    outer loop
      vertex 13.5435 49.9716 2.1
      vertex 14.0341 48.1464 4
      vertex 13.8036 50.0599 2.1
    endloop
  endfacet
  facet normal -0.238837 0.668744 0.704087
    outer loop
      vertex 14.0341 48.1464 4
      vertex 13.5435 49.9716 2.1
      vertex 14.0327 48.1459 4
    endloop
  endfacet
  facet normal -0.148641 0.693657 0.704802
    outer loop
      vertex 13.5435 49.9716 2.1
      vertex 14.0313 48.1456 4
      vertex 14.0327 48.1459 4
    endloop
  endfacet
  facet normal -0.138488 0.696058 0.704503
    outer loop
      vertex 14.0313 48.1456 4
      vertex 13.5435 49.9716 2.1
      vertex 13.2741 49.918 2.1
    endloop
  endfacet
  facet normal 0.672035 0.228146 0.704499
    outer loop
      vertex 10.9716 51.4565 2.1
      vertex 9.14637 50.9659 4
      vertex 11.0599 51.1964 2.1
    endloop
  endfacet
  facet normal 0.674046 0.221472 0.704707
    outer loop
      vertex 9.14637 50.9659 4
      vertex 10.9716 51.4565 2.1
      vertex 9.14591 50.9673 4
    endloop
  endfacet
  facet normal 0.696063 0.138489 0.704498
    outer loop
      vertex 9.14563 50.9687 4
      vertex 10.9716 51.4565 2.1
      vertex 10.918 51.7259 2.1
    endloop
  endfacet
  facet normal 0.695902 0.13918 0.70452
    outer loop
      vertex 10.9716 51.4565 2.1
      vertex 9.14563 50.9687 4
      vertex 9.14591 50.9673 4
    endloop
  endfacet
  facet normal 0.394313 0.590106 0.70448
    outer loop
      vertex 11.005 48.5445 4
      vertex 11.95 50.1813 2.1
      vertex 10.5722 48.8337 4
    endloop
  endfacet
  facet normal 0.313902 0.636532 0.70448
    outer loop
      vertex 11.4718 48.3143 4
      vertex 11.95 50.1813 2.1
      vertex 11.005 48.5445 4
    endloop
  endfacet
  facet normal 0.228147 0.67204 0.704493
    outer loop
      vertex 11.9659 48.1464 4
      vertex 12.4565 49.9716 2.1
      vertex 12.1964 50.0599 2.1
    endloop
  endfacet
  facet normal 0.238837 0.668744 0.704087
    outer loop
      vertex 12.4565 49.9716 2.1
      vertex 11.9659 48.1464 4
      vertex 11.9673 48.1459 4
    endloop
  endfacet
  facet normal 0.22815 0.67204 0.704493
    outer loop
      vertex 11.9659 48.1464 4
      vertex 12.1964 50.0599 2.1
      vertex 11.4731 48.3137 4
    endloop
  endfacet
  facet normal 0.695902 -0.13918 0.70452
    outer loop
      vertex 9.14563 53.0313 4
      vertex 10.9716 52.5435 2.1
      vertex 9.14591 53.0327 4
    endloop
  endfacet
  facet normal 0.696063 -0.138489 0.704498
    outer loop
      vertex 10.9716 52.5435 2.1
      vertex 9.14563 53.0313 4
      vertex 10.918 52.2741 2.1
    endloop
  endfacet
  facet normal 0.672035 -0.228146 0.704499
    outer loop
      vertex 9.14637 53.0341 4
      vertex 10.9716 52.5435 2.1
      vertex 11.0599 52.8036 2.1
    endloop
  endfacet
  facet normal 0.674046 -0.221472 0.704707
    outer loop
      vertex 10.9716 52.5435 2.1
      vertex 9.14637 53.0341 4
      vertex 9.14591 53.0327 4
    endloop
  endfacet
  facet normal 0.636623 -0.313661 0.704506
    outer loop
      vertex 9.31431 53.5282 4
      vertex 11.0599 52.8036 2.1
      vertex 11.1813 53.05 2.1
    endloop
  endfacet
  facet normal 0.636714 -0.313459 0.704513
    outer loop
      vertex 11.0599 52.8036 2.1
      vertex 9.31431 53.5282 4
      vertex 9.31367 53.5269 4
    endloop
  endfacet
  facet normal 0.238837 -0.668744 0.704087
    outer loop
      vertex 11.9659 55.8536 4
      vertex 12.4565 54.0284 2.1
      vertex 11.9673 55.8541 4
    endloop
  endfacet
  facet normal 0.228147 -0.67204 0.704493
    outer loop
      vertex 12.4565 54.0284 2.1
      vertex 11.9659 55.8536 4
      vertex 12.1964 53.9401 2.1
    endloop
  endfacet
  facet normal 0.138488 -0.696058 0.704503
    outer loop
      vertex 11.9687 55.8544 4
      vertex 12.4565 54.0284 2.1
      vertex 12.7259 54.082 2.1
    endloop
  endfacet
  facet normal 0.148641 -0.693657 0.704802
    outer loop
      vertex 12.4565 54.0284 2.1
      vertex 11.9687 55.8544 4
      vertex 11.9673 55.8541 4
    endloop
  endfacet
  facet normal -0.29721 -0.643956 0.704973
    outer loop
      vertex 13.8036 53.9401 2.1
      vertex 14.5282 55.6857 4
      vertex 14.5269 55.6863 4
    endloop
  endfacet
  facet normal -0.31366 -0.636621 0.704507
    outer loop
      vertex 14.5282 55.6857 4
      vertex 13.8036 53.9401 2.1
      vertex 14.05 53.8187 2.1
    endloop
  endfacet
  facet normal -0.148641 -0.693657 0.704802
    outer loop
      vertex 14.0313 55.8544 4
      vertex 13.5435 54.0284 2.1
      vertex 14.0327 55.8541 4
    endloop
  endfacet
  facet normal -0.138488 -0.696058 0.704503
    outer loop
      vertex 13.5435 54.0284 2.1
      vertex 14.0313 55.8544 4
      vertex 13.2741 54.082 2.1
    endloop
  endfacet
  facet normal -0.238837 -0.668744 0.704087
    outer loop
      vertex 13.5435 54.0284 2.1
      vertex 14.0341 55.8536 4
      vertex 14.0327 55.8541 4
    endloop
  endfacet
  facet normal -0.228147 -0.67204 0.704493
    outer loop
      vertex 14.0341 55.8536 4
      vertex 13.5435 54.0284 2.1
      vertex 13.8036 53.9401 2.1
    endloop
  endfacet
  facet normal -0.498923 -0.0656 0.86416
    outer loop
      vertex 7.61965 22.1632 36.8357
      vertex -0.169229 22 32.3264
      vertex 7.625 22 36.8264
    endloop
  endfacet
  facet normal -0.498923 -0.0655909 0.86416
    outer loop
      vertex -0.169229 22 32.3264
      vertex 7.61965 22.1632 36.8357
      vertex -0.174576 22.1632 32.3357
    endloop
  endfacet
  facet normal 0.498924 0.0655696 -0.864161
    outer loop
      vertex -1.41388 21.8368 34.4822
      vertex 6.375 22 38.9915
      vertex 6.38034 21.8368 38.9822
    endloop
  endfacet
  facet normal 0.498923 0.0656 -0.86416
    outer loop
      vertex 6.375 22 38.9915
      vertex -1.41388 21.8368 34.4822
      vertex -1.41923 22 34.4915
    endloop
  endfacet
  facet normal 0.0327197 -0.997857 -0.0566722
    outer loop
      vertex -0.875808 23.2393 33.5503
      vertex 7 23.25 37.909
      vertex 6.91842 23.2393 38.0503
    endloop
  endfacet
  facet normal 0.0327198 -0.997857 -0.0566724
    outer loop
      vertex 7 23.25 37.909
      vertex -0.875808 23.2393 33.5503
      vertex -0.794229 23.25 33.409
    endloop
  endfacet
  facet normal -0.0327197 0.997857 0.0566722
    outer loop
      vertex 7.08158 20.7607 37.7677
      vertex -0.794229 20.75 33.409
      vertex 7 20.75 37.909
    endloop
  endfacet
  facet normal -0.0327198 0.997857 0.0566724
    outer loop
      vertex -0.794229 20.75 33.409
      vertex 7.08158 20.7607 37.7677
      vertex -0.71265 20.7607 33.2677
    endloop
  endfacet
  facet normal -0.329606 -0.751958 0.570894
    outer loop
      vertex -0.413753 22.9917 32.75
      vertex 7.44194 22.8839 37.1435
      vertex 7.38047 22.9917 37.25
    endloop
  endfacet
  facet normal -0.329609 -0.751952 0.570899
    outer loop
      vertex 7.44194 22.8839 37.1435
      vertex -0.413753 22.9917 32.75
      vertex -0.352287 22.8839 32.6435
    endloop
  endfacet
  facet normal 0.375835 -0.659541 -0.650964
    outer loop
      vertex -1.29007 22.761 34.2678
      vertex 6.55805 22.8839 38.6744
      vertex 6.50415 22.761 38.7678
    endloop
  endfacet
  facet normal 0.375835 -0.659541 -0.650964
    outer loop
      vertex 6.55805 22.8839 38.6744
      vertex -1.29007 22.761 34.2678
      vertex -1.23617 22.8839 34.1744
    endloop
  endfacet
  facet normal 0.221347 -0.896672 -0.383385
    outer loop
      vertex -1.10673 23.0825 33.9502
      vertex 6.76082 23.1549 38.3232
      vertex 6.6875 23.0825 38.4502
    endloop
  endfacet
  facet normal 0.221347 -0.896672 -0.383385
    outer loop
      vertex 6.76082 23.1549 38.3232
      vertex -1.10673 23.0825 33.9502
      vertex -1.03341 23.1549 33.8232
    endloop
  endfacet
  facet normal 0.4735 0.321235 -0.820125
    outer loop
      vertex -1.37165 21.5216 34.4091
      vertex 6.39629 21.6765 38.9546
      vertex 6.42257 21.5216 38.9091
    endloop
  endfacet
  facet normal 0.4735 0.321235 -0.820125
    outer loop
      vertex 6.39629 21.6765 38.9546
      vertex -1.37165 21.5216 34.4091
      vertex -1.39793 21.6765 34.4546
    endloop
  endfacet
  facet normal -0.448334 -0.442705 0.776536
    outer loop
      vertex 7.54126 22.625 36.9715
      vertex -0.216804 22.4784 32.4088
      vertex 7.57742 22.4784 36.9088
    endloop
  endfacet
  facet normal -0.448334 -0.442703 0.776537
    outer loop
      vertex -0.216804 22.4784 32.4088
      vertex 7.54126 22.625 36.9715
      vertex -0.252963 22.625 32.4715
    endloop
  endfacet
  facet normal -0.490398 -0.195041 0.849393
    outer loop
      vertex 7.6037 22.3235 36.8633
      vertex -0.174576 22.1632 32.3357
      vertex 7.61965 22.1632 36.8357
    endloop
  endfacet
  facet normal -0.490398 -0.195038 0.849394
    outer loop
      vertex -0.174576 22.1632 32.3357
      vertex 7.6037 22.3235 36.8633
      vertex -0.190525 22.3235 32.3633
    endloop
  endfacet
  facet normal -0.160553 -0.947043 0.278086
    outer loop
      vertex -0.632467 23.2074 33.1288
      vertex 7.23917 23.1549 37.4947
      vertex 7.16176 23.2074 37.6288
    endloop
  endfacet
  facet normal -0.160551 -0.947045 0.278082
    outer loop
      vertex 7.23917 23.1549 37.4947
      vertex -0.632467 23.2074 33.1288
      vertex -0.555052 23.1549 32.9947
    endloop
  endfacet
  facet normal -0.221341 -0.896678 0.383374
    outer loop
      vertex -0.555052 23.1549 32.9947
      vertex 7.3125 23.0825 37.3677
      vertex 7.23917 23.1549 37.4947
    endloop
  endfacet
  facet normal -0.221346 -0.896674 0.383382
    outer loop
      vertex 7.3125 23.0825 37.3677
      vertex -0.555052 23.1549 32.9947
      vertex -0.481729 23.0825 32.8677
    endloop
  endfacet
  facet normal 0.4735 -0.321235 -0.820125
    outer loop
      vertex 6.39629 22.3235 38.9546
      vertex -1.37165 22.4784 34.4091
      vertex 6.42257 22.4784 38.9091
    endloop
  endfacet
  facet normal 0.4735 -0.321235 -0.820125
    outer loop
      vertex -1.37165 22.4784 34.4091
      vertex 6.39629 22.3235 38.9546
      vertex -1.39793 22.3235 34.4546
    endloop
  endfacet
  facet normal 0.448439 -0.442279 -0.776718
    outer loop
      vertex 6.42257 22.4784 38.9091
      vertex -1.33549 22.625 34.3465
      vertex 6.45873 22.625 38.8465
    endloop
  endfacet
  facet normal 0.448439 -0.442279 -0.776718
    outer loop
      vertex -1.33549 22.625 34.3465
      vertex 6.42257 22.4784 38.9091
      vertex -1.37165 22.4784 34.4091
    endloop
  endfacet
  facet normal 0.490398 -0.195041 -0.849393
    outer loop
      vertex 6.38034 22.1632 38.9822
      vertex -1.39793 22.3235 34.4546
      vertex 6.39629 22.3235 38.9546
    endloop
  endfacet
  facet normal 0.490398 -0.195041 -0.849393
    outer loop
      vertex -1.39793 22.3235 34.4546
      vertex 6.38034 22.1632 38.9822
      vertex -1.41388 22.1632 34.4822
    endloop
  endfacet
  facet normal 0.329737 -0.751727 -0.571121
    outer loop
      vertex -1.23617 22.8839 34.1744
      vertex 6.61952 22.9917 38.568
      vertex 6.55805 22.8839 38.6744
    endloop
  endfacet
  facet normal 0.329737 -0.751727 -0.571121
    outer loop
      vertex 6.61952 22.9917 38.568
      vertex -1.23617 22.8839 34.1744
      vertex -1.1747 22.9917 34.068
    endloop
  endfacet
  facet normal 0.0975878 -0.980768 -0.169027
    outer loop
      vertex -0.955991 23.2074 33.6891
      vertex 6.91842 23.2393 38.0503
      vertex 6.83823 23.2074 38.1891
    endloop
  endfacet
  facet normal 0.0975898 -0.980768 -0.169031
    outer loop
      vertex 6.91842 23.2393 38.0503
      vertex -0.955991 23.2074 33.6891
      vertex -0.875808 23.2393 33.5503
    endloop
  endfacet
  facet normal -0.160553 0.947043 0.278086
    outer loop
      vertex 7.23917 20.8451 37.4947
      vertex -0.632467 20.7926 33.1288
      vertex 7.16176 20.7926 37.6288
    endloop
  endfacet
  facet normal -0.160551 0.947045 0.278082
    outer loop
      vertex -0.632467 20.7926 33.1288
      vertex 7.23917 20.8451 37.4947
      vertex -0.555052 20.8451 32.9947
    endloop
  endfacet
  facet normal -0.09754 0.980787 0.168944
    outer loop
      vertex 7.16176 20.7926 37.6288
      vertex -0.71265 20.7607 33.2677
      vertex 7.08158 20.7607 37.7677
    endloop
  endfacet
  facet normal -0.0975392 0.980788 0.168943
    outer loop
      vertex -0.71265 20.7607 33.2677
      vertex 7.16176 20.7926 37.6288
      vertex -0.632467 20.7926 33.1288
    endloop
  endfacet
  facet normal -0.490398 0.195041 0.849393
    outer loop
      vertex -0.174576 21.8368 32.3357
      vertex 7.6037 21.6765 36.8633
      vertex 7.61965 21.8368 36.8357
    endloop
  endfacet
  facet normal -0.490398 0.195038 0.849394
    outer loop
      vertex 7.6037 21.6765 36.8633
      vertex -0.174576 21.8368 32.3357
      vertex -0.190525 21.6765 32.3633
    endloop
  endfacet
  facet normal 0.160553 0.947043 -0.278086
    outer loop
      vertex 6.83823 20.7926 38.1891
      vertex -1.03341 20.8451 33.8232
      vertex 6.76082 20.8451 38.3232
    endloop
  endfacet
  facet normal 0.160549 0.947046 -0.278079
    outer loop
      vertex -1.03341 20.8451 33.8232
      vertex 6.83823 20.7926 38.1891
      vertex -0.955991 20.7926 33.6891
    endloop
  endfacet
  facet normal 0.0975878 0.980768 -0.169027
    outer loop
      vertex 6.91842 20.7607 38.0503
      vertex -0.955991 20.7926 33.6891
      vertex 6.83823 20.7926 38.1891
    endloop
  endfacet
  facet normal 0.0975898 0.980768 -0.169031
    outer loop
      vertex -0.955991 20.7926 33.6891
      vertex 6.91842 20.7607 38.0503
      vertex -0.875808 20.7607 33.5503
    endloop
  endfacet
  facet normal 0.329737 0.751727 -0.571121
    outer loop
      vertex 6.61952 21.0083 38.568
      vertex -1.23617 21.1161 34.1744
      vertex 6.55805 21.1161 38.6744
    endloop
  endfacet
  facet normal 0.329737 0.751727 -0.571121
    outer loop
      vertex -1.23617 21.1161 34.1744
      vertex 6.61952 21.0083 38.568
      vertex -1.1747 21.0083 34.068
    endloop
  endfacet
  facet normal 0.490398 0.195041 -0.849393
    outer loop
      vertex -1.39793 21.6765 34.4546
      vertex 6.38034 21.8368 38.9822
      vertex 6.39629 21.6765 38.9546
    endloop
  endfacet
  facet normal 0.490398 0.195041 -0.849393
    outer loop
      vertex 6.38034 21.8368 38.9822
      vertex -1.39793 21.6765 34.4546
      vertex -1.41388 21.8368 34.4822
    endloop
  endfacet
  facet normal -0.4735 -0.321235 0.820126
    outer loop
      vertex 7.57742 22.4784 36.9088
      vertex -0.190525 22.3235 32.3633
      vertex 7.6037 22.3235 36.8633
    endloop
  endfacet
  facet normal -0.4735 -0.321232 0.820126
    outer loop
      vertex -0.190525 22.3235 32.3633
      vertex 7.57742 22.4784 36.9088
      vertex -0.216804 22.4784 32.4088
    endloop
  endfacet
  facet normal -0.375835 -0.659541 0.650964
    outer loop
      vertex -0.352287 22.8839 32.6435
      vertex 7.49584 22.761 37.0501
      vertex 7.44194 22.8839 37.1435
    endloop
  endfacet
  facet normal -0.375832 -0.659548 0.650959
    outer loop
      vertex 7.49584 22.761 37.0501
      vertex -0.352287 22.8839 32.6435
      vertex -0.298383 22.761 32.5501
    endloop
  endfacet
  facet normal -0.415866 -0.555178 0.7203
    outer loop
      vertex 7.49584 22.761 37.0501
      vertex -0.252963 22.625 32.4715
      vertex 7.54126 22.625 36.9715
    endloop
  endfacet
  facet normal -0.415866 -0.555178 0.7203
    outer loop
      vertex -0.252963 22.625 32.4715
      vertex 7.49584 22.761 37.0501
      vertex -0.298383 22.761 32.5501
    endloop
  endfacet
  facet normal -0.0327197 -0.997857 0.0566722
    outer loop
      vertex -0.794229 23.25 33.409
      vertex 7.08158 23.2393 37.7677
      vertex 7 23.25 37.909
    endloop
  endfacet
  facet normal -0.0327198 -0.997857 0.0566724
    outer loop
      vertex 7.08158 23.2393 37.7677
      vertex -0.794229 23.25 33.409
      vertex -0.71265 23.2393 33.2677
    endloop
  endfacet
  facet normal -0.277751 -0.831516 0.481078
    outer loop
      vertex -0.481729 23.0825 32.8677
      vertex 7.38047 22.9917 37.25
      vertex 7.3125 23.0825 37.3677
    endloop
  endfacet
  facet normal -0.277747 -0.831521 0.481071
    outer loop
      vertex 7.38047 22.9917 37.25
      vertex -0.481729 23.0825 32.8677
      vertex -0.413753 22.9917 32.75
    endloop
  endfacet
  facet normal 0.866027 -4.96828e-15 0.499997
    outer loop
      vertex -0.875808 23.2393 33.5503
      vertex -0.71265 23.2393 33.2677
      vertex -0.794229 23.25 33.409
    endloop
  endfacet
  facet normal 0.866026 -0.00128588 0.499997
    outer loop
      vertex -0.955991 23.2074 33.6891
      vertex -0.71265 23.2393 33.2677
      vertex -0.875808 23.2393 33.5503
    endloop
  endfacet
  facet normal 0.866002 -0.000530481 0.50004
    outer loop
      vertex -0.955991 23.2074 33.6891
      vertex -0.632467 23.2074 33.1288
      vertex -0.71265 23.2393 33.2677
    endloop
  endfacet
  facet normal 0.866002 0.000197328 0.50004
    outer loop
      vertex -1.03341 23.1549 33.8232
      vertex -0.632467 23.2074 33.1288
      vertex -0.955991 23.2074 33.6891
    endloop
  endfacet
  facet normal 0.866015 -0.000188754 0.500018
    outer loop
      vertex -1.03341 23.1549 33.8232
      vertex -0.555052 23.1549 32.9947
      vertex -0.632467 23.2074 33.1288
    endloop
  endfacet
  facet normal 0.866015 8.44021e-05 0.500018
    outer loop
      vertex -1.10673 23.0825 33.9502
      vertex -0.555052 23.1549 32.9947
      vertex -1.03341 23.1549 33.8232
    endloop
  endfacet
  facet normal 0.866019 -3.29234e-05 0.500012
    outer loop
      vertex -1.10673 23.0825 33.9502
      vertex -0.481729 23.0825 32.8677
      vertex -0.555052 23.1549 32.9947
    endloop
  endfacet
  facet normal 0.866019 0.000419329 0.500012
    outer loop
      vertex -1.1747 22.9917 34.068
      vertex -0.481729 23.0825 32.8677
      vertex -1.10673 23.0825 33.9502
    endloop
  endfacet
  facet normal 0.866026 0.000209179 0.5
    outer loop
      vertex -1.1747 22.9917 34.068
      vertex -0.413753 22.9917 32.75
      vertex -0.481729 23.0825 32.8677
    endloop
  endfacet
  facet normal 0.866026 -0.000321219 0.5
    outer loop
      vertex -1.23617 22.8839 34.1744
      vertex -0.413753 22.9917 32.75
      vertex -1.1747 22.9917 34.068
    endloop
  endfacet
  facet normal 0.866021 -0.000184927 0.500007
    outer loop
      vertex -1.23617 22.8839 34.1744
      vertex -0.352287 22.8839 32.6435
      vertex -0.413753 22.9917 32.75
    endloop
  endfacet
  facet normal 0.866021 0.000180259 0.500007
    outer loop
      vertex -1.29007 22.761 34.2678
      vertex -0.352287 22.8839 32.6435
      vertex -1.23617 22.8839 34.1744
    endloop
  endfacet
  facet normal 0.866031 -0.000134004 0.49999
    outer loop
      vertex -1.29007 22.761 34.2678
      vertex -0.298383 22.761 32.5501
      vertex -0.352287 22.8839 32.6435
    endloop
  endfacet
  facet normal 0.866031 0.000103182 0.49999
    outer loop
      vertex -1.33549 22.625 34.3465
      vertex -0.298383 22.761 32.5501
      vertex -1.29007 22.761 34.2678
    endloop
  endfacet
  facet normal 0.866026 0.000257695 0.499998
    outer loop
      vertex -1.33549 22.625 34.3465
      vertex -0.252963 22.625 32.4715
      vertex -0.298383 22.761 32.5501
    endloop
  endfacet
  facet normal 0.866026 -0.000106522 0.499998
    outer loop
      vertex -1.37165 22.4784 34.4091
      vertex -0.252963 22.625 32.4715
      vertex -1.33549 22.625 34.3465
    endloop
  endfacet
  facet normal 0.866031 -0.000236252 0.499991
    outer loop
      vertex -1.37165 22.4784 34.4091
      vertex -0.216804 22.4784 32.4088
      vertex -0.252963 22.625 32.4715
    endloop
  endfacet
  facet normal 0.866031 -6.25835e-05 0.499991
    outer loop
      vertex -1.39793 22.3235 34.4546
      vertex -0.216804 22.4784 32.4088
      vertex -1.37165 22.4784 34.4091
    endloop
  endfacet
  facet normal 0.866027 5.43908e-05 0.499998
    outer loop
      vertex -1.39793 22.3235 34.4546
      vertex -0.190525 22.3235 32.3633
      vertex -0.216804 22.4784 32.4088
    endloop
  endfacet
  facet normal 0.866027 -8.22974e-05 0.499998
    outer loop
      vertex -1.41388 22.1632 34.4822
      vertex -0.190525 22.3235 32.3633
      vertex -1.39793 22.3235 34.4546
    endloop
  endfacet
  facet normal 0.866022 7.48475e-05 0.500007
    outer loop
      vertex -1.41388 22.1632 34.4822
      vertex -0.174576 22.1632 32.3357
      vertex -0.190525 22.3235 32.3633
    endloop
  endfacet
  facet normal 0.866022 0.000103218 0.500007
    outer loop
      vertex -1.41923 22 34.4915
      vertex -0.174576 22.1632 32.3357
      vertex -1.41388 22.1632 34.4822
    endloop
  endfacet
  facet normal 0.866029 -0.000118184 0.499994
    outer loop
      vertex -1.41923 22 34.4915
      vertex -0.169229 22 32.3264
      vertex -0.174576 22.1632 32.3357
    endloop
  endfacet
  facet normal 0.866029 -0.000102264 0.499994
    outer loop
      vertex -1.41388 21.8368 34.4822
      vertex -0.169229 22 32.3264
      vertex -1.41923 22 34.4915
    endloop
  endfacet
  facet normal 0.866022 0.000119138 0.500007
    outer loop
      vertex -1.41388 21.8368 34.4822
      vertex -0.174576 21.8368 32.3357
      vertex -0.169229 22 32.3264
    endloop
  endfacet
  facet normal 0.866022 8.025e-05 0.500007
    outer loop
      vertex -1.39793 21.6765 34.4546
      vertex -0.174576 21.8368 32.3357
      vertex -1.41388 21.8368 34.4822
    endloop
  endfacet
  facet normal 0.866027 -7.68949e-05 0.499998
    outer loop
      vertex -1.39793 21.6765 34.4546
      vertex -0.190525 21.6765 32.3633
      vertex -0.174576 21.8368 32.3357
    endloop
  endfacet
  facet normal 0.866027 5.99817e-05 0.499998
    outer loop
      vertex -1.37165 21.5216 34.4091
      vertex -0.190525 21.6765 32.3633
      vertex -1.39793 21.6765 34.4546
    endloop
  endfacet
  facet normal 0.866031 -5.69926e-05 0.499991
    outer loop
      vertex -1.37165 21.5216 34.4091
      vertex -0.216804 21.5216 32.4088
      vertex -0.190525 21.6765 32.3633
    endloop
  endfacet
  facet normal 0.866031 0.000110714 0.499991
    outer loop
      vertex -1.33549 21.375 34.3465
      vertex -0.216804 21.5216 32.4088
      vertex -1.37165 21.5216 34.4091
    endloop
  endfacet
  facet normal 0.866026 0.000240449 0.499998
    outer loop
      vertex -1.33549 21.375 34.3465
      vertex -0.252963 21.375 32.4715
      vertex -0.216804 21.5216 32.4088
    endloop
  endfacet
  facet normal 0.866026 -0.000109951 0.499998
    outer loop
      vertex -1.29007 21.239 34.2678
      vertex -0.252963 21.375 32.4715
      vertex -1.33549 21.375 34.3465
    endloop
  endfacet
  facet normal 0.866031 -0.000264457 0.49999
    outer loop
      vertex -1.29007 21.239 34.2678
      vertex -0.298383 21.239 32.5501
      vertex -0.252963 21.375 32.4715
    endloop
  endfacet
  facet normal 0.866031 -0.00016219 0.49999
    outer loop
      vertex -1.23617 21.1161 34.1744
      vertex -0.298383 21.239 32.5501
      vertex -1.29007 21.239 34.2678
    endloop
  endfacet
  facet normal 0.866021 0.000152073 0.500007
    outer loop
      vertex -1.23617 21.1161 34.1744
      vertex -0.352287 21.1161 32.6435
      vertex -0.298383 21.239 32.5501
    endloop
  endfacet
  facet normal 0.866021 0.000311036 0.500007
    outer loop
      vertex -1.1747 21.0083 34.068
      vertex -0.352287 21.1161 32.6435
      vertex -1.23617 21.1161 34.1744
    endloop
  endfacet
  facet normal 0.866026 0.000174738 0.5
    outer loop
      vertex -1.1747 21.0083 34.068
      vertex -0.413753 21.0083 32.75
      vertex -0.352287 21.1161 32.6435
    endloop
  endfacet
  facet normal 0.866026 -0.000398707 0.5
    outer loop
      vertex -1.10673 20.9175 33.9502
      vertex -0.413753 21.0083 32.75
      vertex -1.1747 21.0083 34.068
    endloop
  endfacet
  facet normal 0.866019 -0.000188571 0.500012
    outer loop
      vertex -1.10673 20.9175 33.9502
      vertex -0.481729 20.9175 32.8677
      vertex -0.413753 21.0083 32.75
    endloop
  endfacet
  facet normal 0.866019 -6.88081e-05 0.500012
    outer loop
      vertex -1.03341 20.8451 33.8232
      vertex -0.481729 20.9175 32.8677
      vertex -1.10673 20.9175 33.9502
    endloop
  endfacet
  facet normal 0.866015 4.85175e-05 0.500018
    outer loop
      vertex -1.03341 20.8451 33.8232
      vertex -0.555052 20.8451 32.9947
      vertex -0.481729 20.9175 32.8677
    endloop
  endfacet
  facet normal 0.866015 -0.000122772 0.500018
    outer loop
      vertex -0.955991 20.7926 33.6891
      vertex -0.555052 20.8451 32.9947
      vertex -1.03341 20.8451 33.8232
    endloop
  endfacet
  facet normal 0.866002 0.000263309 0.50004
    outer loop
      vertex -0.955991 20.7926 33.6891
      vertex -0.632467 20.7926 33.1288
      vertex -0.555052 20.8451 32.9947
    endloop
  endfacet
  facet normal 0.866002 0.00103704 0.50004
    outer loop
      vertex -0.875808 20.7607 33.5503
      vertex -0.632467 20.7926 33.1288
      vertex -0.955991 20.7926 33.6891
    endloop
  endfacet
  facet normal 0.866027 0.000281511 0.499997
    outer loop
      vertex -0.875808 20.7607 33.5503
      vertex -0.71265 20.7607 33.2677
      vertex -0.632467 20.7926 33.1288
    endloop
  endfacet
  facet normal 0.866027 3.97462e-15 0.499997
    outer loop
      vertex -0.71265 20.7607 33.2677
      vertex -0.875808 20.7607 33.5503
      vertex -0.794229 20.75 33.409
    endloop
  endfacet
  facet normal 0.498924 -0.0655696 -0.864161
    outer loop
      vertex 6.375 22 38.9915
      vertex -1.41388 22.1632 34.4822
      vertex 6.38034 22.1632 38.9822
    endloop
  endfacet
  facet normal 0.498923 -0.0656 -0.86416
    outer loop
      vertex -1.41388 22.1632 34.4822
      vertex 6.375 22 38.9915
      vertex -1.41923 22 34.4915
    endloop
  endfacet
  facet normal -0.498923 0.0656 0.86416
    outer loop
      vertex -0.169229 22 32.3264
      vertex 7.61965 21.8368 36.8357
      vertex 7.625 22 36.8264
    endloop
  endfacet
  facet normal -0.498923 0.0655909 0.86416
    outer loop
      vertex 7.61965 21.8368 36.8357
      vertex -0.169229 22 32.3264
      vertex -0.174576 21.8368 32.3357
    endloop
  endfacet
  facet normal -0.277751 0.831516 0.481078
    outer loop
      vertex 7.38047 21.0083 37.25
      vertex -0.481729 20.9175 32.8677
      vertex 7.3125 20.9175 37.3677
    endloop
  endfacet
  facet normal -0.277747 0.831521 0.481071
    outer loop
      vertex -0.481729 20.9175 32.8677
      vertex 7.38047 21.0083 37.25
      vertex -0.413753 21.0083 32.75
    endloop
  endfacet
  facet normal -0.375835 0.659541 0.650964
    outer loop
      vertex 7.49584 21.239 37.0501
      vertex -0.352287 21.1161 32.6435
      vertex 7.44194 21.1161 37.1435
    endloop
  endfacet
  facet normal -0.375832 0.659548 0.650959
    outer loop
      vertex -0.352287 21.1161 32.6435
      vertex 7.49584 21.239 37.0501
      vertex -0.298383 21.239 32.5501
    endloop
  endfacet
  facet normal -0.329606 0.751958 0.570894
    outer loop
      vertex 7.44194 21.1161 37.1435
      vertex -0.413753 21.0083 32.75
      vertex 7.38047 21.0083 37.25
    endloop
  endfacet
  facet normal -0.329609 0.751952 0.570899
    outer loop
      vertex -0.413753 21.0083 32.75
      vertex 7.44194 21.1161 37.1435
      vertex -0.352287 21.1161 32.6435
    endloop
  endfacet
  facet normal -0.4735 0.321235 0.820126
    outer loop
      vertex -0.190525 21.6765 32.3633
      vertex 7.57742 21.5216 36.9088
      vertex 7.6037 21.6765 36.8633
    endloop
  endfacet
  facet normal -0.4735 0.321232 0.820126
    outer loop
      vertex 7.57742 21.5216 36.9088
      vertex -0.190525 21.6765 32.3633
      vertex -0.216804 21.5216 32.4088
    endloop
  endfacet
  facet normal -0.415866 0.555178 0.7203
    outer loop
      vertex -0.252963 21.375 32.4715
      vertex 7.49584 21.239 37.0501
      vertex 7.54126 21.375 36.9715
    endloop
  endfacet
  facet normal -0.415866 0.555178 0.7203
    outer loop
      vertex 7.49584 21.239 37.0501
      vertex -0.252963 21.375 32.4715
      vertex -0.298383 21.239 32.5501
    endloop
  endfacet
  facet normal -0.448334 0.442705 0.776536
    outer loop
      vertex -0.216804 21.5216 32.4088
      vertex 7.54126 21.375 36.9715
      vertex 7.57742 21.5216 36.9088
    endloop
  endfacet
  facet normal -0.448334 0.442703 0.776537
    outer loop
      vertex 7.54126 21.375 36.9715
      vertex -0.216804 21.5216 32.4088
      vertex -0.252963 21.375 32.4715
    endloop
  endfacet
  facet normal 0.277622 0.831688 -0.480854
    outer loop
      vertex 6.6875 20.9175 38.4502
      vertex -1.1747 21.0083 34.068
      vertex 6.61952 21.0083 38.568
    endloop
  endfacet
  facet normal 0.277628 0.831679 -0.480866
    outer loop
      vertex -1.1747 21.0083 34.068
      vertex 6.6875 20.9175 38.4502
      vertex -1.10673 20.9175 33.9502
    endloop
  endfacet
  facet normal 0.221347 0.896672 -0.383385
    outer loop
      vertex 6.76082 20.8451 38.3232
      vertex -1.10673 20.9175 33.9502
      vertex 6.6875 20.9175 38.4502
    endloop
  endfacet
  facet normal 0.221347 0.896672 -0.383385
    outer loop
      vertex -1.10673 20.9175 33.9502
      vertex 6.76082 20.8451 38.3232
      vertex -1.03341 20.8451 33.8232
    endloop
  endfacet
  facet normal 0.0327197 0.997857 -0.0566722
    outer loop
      vertex 7 20.75 37.909
      vertex -0.875808 20.7607 33.5503
      vertex 6.91842 20.7607 38.0503
    endloop
  endfacet
  facet normal 0.0327198 0.997857 -0.0566724
    outer loop
      vertex -0.875808 20.7607 33.5503
      vertex 7 20.75 37.909
      vertex -0.794229 20.75 33.409
    endloop
  endfacet
  facet normal 0.415744 0.555544 -0.720089
    outer loop
      vertex -1.29007 21.239 34.2678
      vertex 6.45873 21.375 38.8465
      vertex 6.50415 21.239 38.7678
    endloop
  endfacet
  facet normal 0.415744 0.555544 -0.720089
    outer loop
      vertex 6.45873 21.375 38.8465
      vertex -1.29007 21.239 34.2678
      vertex -1.33549 21.375 34.3465
    endloop
  endfacet
  facet normal -0.09754 -0.980787 0.168944
    outer loop
      vertex -0.71265 23.2393 33.2677
      vertex 7.16176 23.2074 37.6288
      vertex 7.08158 23.2393 37.7677
    endloop
  endfacet
  facet normal -0.0975392 -0.980788 0.168943
    outer loop
      vertex 7.16176 23.2074 37.6288
      vertex -0.71265 23.2393 33.2677
      vertex -0.632467 23.2074 33.1288
    endloop
  endfacet
  facet normal 0.415744 -0.555544 -0.720089
    outer loop
      vertex 6.45873 22.625 38.8465
      vertex -1.29007 22.761 34.2678
      vertex 6.50415 22.761 38.7678
    endloop
  endfacet
  facet normal 0.415744 -0.555544 -0.720089
    outer loop
      vertex -1.29007 22.761 34.2678
      vertex 6.45873 22.625 38.8465
      vertex -1.33549 22.625 34.3465
    endloop
  endfacet
  facet normal 0.277622 -0.831688 -0.480854
    outer loop
      vertex -1.1747 22.9917 34.068
      vertex 6.6875 23.0825 38.4502
      vertex 6.61952 22.9917 38.568
    endloop
  endfacet
  facet normal 0.277628 -0.831679 -0.480866
    outer loop
      vertex 6.6875 23.0825 38.4502
      vertex -1.1747 22.9917 34.068
      vertex -1.10673 23.0825 33.9502
    endloop
  endfacet
  facet normal 0.160553 -0.947043 -0.278086
    outer loop
      vertex -1.03341 23.1549 33.8232
      vertex 6.83823 23.2074 38.1891
      vertex 6.76082 23.1549 38.3232
    endloop
  endfacet
  facet normal 0.160549 -0.947046 -0.278079
    outer loop
      vertex 6.83823 23.2074 38.1891
      vertex -1.03341 23.1549 33.8232
      vertex -0.955991 23.2074 33.6891
    endloop
  endfacet
  facet normal -0.221341 0.896678 0.383374
    outer loop
      vertex 7.3125 20.9175 37.3677
      vertex -0.555052 20.8451 32.9947
      vertex 7.23917 20.8451 37.4947
    endloop
  endfacet
  facet normal -0.221346 0.896674 0.383382
    outer loop
      vertex -0.555052 20.8451 32.9947
      vertex 7.3125 20.9175 37.3677
      vertex -0.481729 20.9175 32.8677
    endloop
  endfacet
  facet normal 0.375835 0.659541 -0.650964
    outer loop
      vertex 6.55805 21.1161 38.6744
      vertex -1.29007 21.239 34.2678
      vertex 6.50415 21.239 38.7678
    endloop
  endfacet
  facet normal 0.375835 0.659541 -0.650964
    outer loop
      vertex -1.29007 21.239 34.2678
      vertex 6.55805 21.1161 38.6744
      vertex -1.23617 21.1161 34.1744
    endloop
  endfacet
  facet normal 0.448439 0.442279 -0.776718
    outer loop
      vertex -1.33549 21.375 34.3465
      vertex 6.42257 21.5216 38.9091
      vertex 6.45873 21.375 38.8465
    endloop
  endfacet
  facet normal 0.448439 0.442279 -0.776718
    outer loop
      vertex 6.42257 21.5216 38.9091
      vertex -1.33549 21.375 34.3465
      vertex -1.37165 21.5216 34.4091
    endloop
  endfacet
  facet normal -0.49893 -0.0654478 0.864167
    outer loop
      vertex 19.6197 22.1632 16.0511
      vertex 18 22 15.1036
      vertex 19.625 22 16.0418
    endloop
  endfacet
  facet normal -0.49892 -0.0655409 0.864166
    outer loop
      vertex 18 22 15.1036
      vertex 19.6197 22.1632 16.0511
      vertex 17.9893 22.1632 15.1098
    endloop
  endfacet
  facet normal 0.498917 0.0654478 -0.864175
    outer loop
      vertex 18.3803 21.8368 18.1976
      vertex 18 22 17.9904
      vertex 18.375 22 18.2069
    endloop
  endfacet
  facet normal 0.498861 0.0652591 -0.864221
    outer loop
      vertex 18 22 17.9904
      vertex 18.3803 21.8368 18.1976
      vertex 17.9893 21.8368 17.9719
    endloop
  endfacet
  facet normal 0.0327207 -0.997857 -0.0566671
    outer loop
      vertex 17.8405 23.2393 16.6433
      vertex 19 23.25 17.1244
      vertex 18.9184 23.2393 17.2657
    endloop
  endfacet
  facet normal 0.0327244 -0.997856 -0.0566761
    outer loop
      vertex 19 23.25 17.1244
      vertex 17.8405 23.2393 16.6433
      vertex 17.8384 23.25 16.4537
    endloop
  endfacet
  facet normal -0.329671 -0.751865 0.570978
    outer loop
      vertex 17.8898 22.9917 15.6047
      vertex 19.4419 22.8839 16.3589
      vertex 19.3805 22.9917 16.4654
    endloop
  endfacet
  facet normal -0.329667 -0.751875 0.570967
    outer loop
      vertex 19.4419 22.8839 16.3589
      vertex 17.8898 22.9917 15.6047
      vertex 17.9112 22.8839 15.4751
    endloop
  endfacet
  facet normal 0.375814 -0.659541 -0.650976
    outer loop
      vertex 17.9357 22.761 17.655
      vertex 18.5581 22.8839 17.8898
      vertex 18.5042 22.761 17.9832
    endloop
  endfacet
  facet normal 0.375838 -0.65938 -0.651125
    outer loop
      vertex 18.5581 22.8839 17.8898
      vertex 17.9357 22.761 17.655
      vertex 17.9112 22.8839 17.5164
    endloop
  endfacet
  facet normal 0.221359 -0.89666 -0.383406
    outer loop
      vertex 17.8717 23.0825 17.1946
      vertex 18.7608 23.1549 17.5386
      vertex 18.6875 23.0825 17.6656
    endloop
  endfacet
  facet normal 0.22138 -0.896629 -0.383467
    outer loop
      vertex 18.7608 23.1549 17.5386
      vertex 17.8717 23.0825 17.1946
      vertex 17.8573 23.1549 17.017
    endloop
  endfacet
  facet normal -0.448355 -0.442558 0.776608
    outer loop
      vertex 19.5413 22.625 16.1869
      vertex 17.9686 22.4784 15.1954
      vertex 19.5774 22.4784 16.1242
    endloop
  endfacet
  facet normal -0.448354 -0.442562 0.776607
    outer loop
      vertex 17.9686 22.4784 15.1954
      vertex 19.5413 22.625 16.1869
      vertex 17.959 22.625 15.2734
    endloop
  endfacet
  facet normal -0.490378 -0.195188 0.849371
    outer loop
      vertex 19.6037 22.3235 16.0787
      vertex 17.9893 22.1632 15.1098
      vertex 19.6197 22.1632 16.0511
    endloop
  endfacet
  facet normal -0.490356 -0.195314 0.849355
    outer loop
      vertex 17.9893 22.1632 15.1098
      vertex 19.6037 22.3235 16.0787
      vertex 17.9788 22.3235 15.1406
    endloop
  endfacet
  facet normal -0.160564 -0.94704 0.27809
    outer loop
      vertex 17.8469 23.2074 16.085
      vertex 19.2392 23.1549 16.7101
      vertex 19.1618 23.2074 16.8442
    endloop
  endfacet
  facet normal -0.160617 -0.946996 0.27821
    outer loop
      vertex 19.2392 23.1549 16.7101
      vertex 17.8469 23.2074 16.085
      vertex 17.8573 23.1549 15.9123
    endloop
  endfacet
  facet normal -0.221351 -0.89666 0.383411
    outer loop
      vertex 17.8573 23.1549 15.9123
      vertex 19.3125 23.0825 16.5831
      vertex 19.2392 23.1549 16.7101
    endloop
  endfacet
  facet normal -0.221355 -0.896656 0.383419
    outer loop
      vertex 19.3125 23.0825 16.5831
      vertex 17.8573 23.1549 15.9123
      vertex 17.8717 23.0825 15.7513
    endloop
  endfacet
  facet normal 0.473401 -0.321435 -0.820104
    outer loop
      vertex 17.9686 22.4784 17.8624
      vertex 18.3963 22.3235 18.17
      vertex 17.9788 22.3235 17.929
    endloop
  endfacet
  facet normal 0.473467 -0.32129 -0.820123
    outer loop
      vertex 18.3963 22.3235 18.17
      vertex 17.9686 22.4784 17.8624
      vertex 18.4226 22.4784 18.1245
    endloop
  endfacet
  facet normal 0.49031 -0.195205 -0.849407
    outer loop
      vertex 17.9788 22.3235 17.929
      vertex 18.3803 22.1632 18.1976
      vertex 17.9893 22.1632 17.9719
    endloop
  endfacet
  facet normal 0.490316 -0.195188 -0.849407
    outer loop
      vertex 18.3803 22.1632 18.1976
      vertex 17.9788 22.3235 17.929
      vertex 18.3963 22.3235 18.17
    endloop
  endfacet
  facet normal 0.0975814 -0.980769 -0.169024
    outer loop
      vertex 17.8469 23.2074 16.8322
      vertex 18.9184 23.2393 17.2657
      vertex 18.8382 23.2074 17.4045
    endloop
  endfacet
  facet normal 0.0975452 -0.980789 -0.168933
    outer loop
      vertex 18.9184 23.2393 17.2657
      vertex 17.8469 23.2074 16.8322
      vertex 17.8405 23.2393 16.6433
    endloop
  endfacet
  facet normal -0.0975393 0.98079 0.168931
    outer loop
      vertex 19.1618 20.7926 16.8442
      vertex 17.8405 20.7607 16.2665
      vertex 19.0816 20.7607 16.9831
    endloop
  endfacet
  facet normal -0.0975437 0.980787 0.168941
    outer loop
      vertex 17.8405 20.7607 16.2665
      vertex 19.1618 20.7926 16.8442
      vertex 17.8469 20.7926 16.085
    endloop
  endfacet
  facet normal -0.490378 0.195188 0.849371
    outer loop
      vertex 17.9893 21.8368 15.1098
      vertex 19.6037 21.6765 16.0787
      vertex 19.6197 21.8368 16.0511
    endloop
  endfacet
  facet normal -0.490356 0.195314 0.849355
    outer loop
      vertex 19.6037 21.6765 16.0787
      vertex 17.9893 21.8368 15.1098
      vertex 17.9788 21.6765 15.1406
    endloop
  endfacet
  facet normal 0.0975814 0.980769 -0.169024
    outer loop
      vertex 18.9184 20.7607 17.2657
      vertex 17.8469 20.7926 16.8322
      vertex 18.8382 20.7926 17.4045
    endloop
  endfacet
  facet normal 0.0975452 0.980789 -0.168933
    outer loop
      vertex 17.8469 20.7926 16.8322
      vertex 18.9184 20.7607 17.2657
      vertex 17.8405 20.7607 16.6433
    endloop
  endfacet
  facet normal 0.490316 0.195188 -0.849407
    outer loop
      vertex 17.9788 21.6765 17.929
      vertex 18.3803 21.8368 18.1976
      vertex 18.3963 21.6765 18.17
    endloop
  endfacet
  facet normal 0.49031 0.195205 -0.849407
    outer loop
      vertex 18.3803 21.8368 18.1976
      vertex 17.9788 21.6765 17.929
      vertex 17.9893 21.8368 17.9719
    endloop
  endfacet
  facet normal -0.473477 -0.32129 0.820118
    outer loop
      vertex 19.5774 22.4784 16.1242
      vertex 17.9788 22.3235 15.1406
      vertex 19.6037 22.3235 16.0787
    endloop
  endfacet
  facet normal -0.473471 -0.321314 0.820112
    outer loop
      vertex 17.9788 22.3235 15.1406
      vertex 19.5774 22.4784 16.1242
      vertex 17.9686 22.4784 15.1954
    endloop
  endfacet
  facet normal -0.37585 -0.659541 0.650955
    outer loop
      vertex 17.9112 22.8839 15.4751
      vertex 19.4958 22.761 16.2655
      vertex 19.4419 22.8839 16.3589
    endloop
  endfacet
  facet normal -0.375924 -0.65932 0.651136
    outer loop
      vertex 19.4958 22.761 16.2655
      vertex 17.9112 22.8839 15.4751
      vertex 17.9357 22.761 15.3648
    endloop
  endfacet
  facet normal -0.415795 -0.555347 0.720211
    outer loop
      vertex 19.4958 22.761 16.2655
      vertex 17.959 22.625 15.2734
      vertex 19.5413 22.625 16.1869
    endloop
  endfacet
  facet normal -0.416134 -0.554554 0.720626
    outer loop
      vertex 19.4958 22.761 16.2655
      vertex 17.9572 22.6526 15.2936
      vertex 17.959 22.625 15.2734
    endloop
  endfacet
  facet normal -0.415761 -0.555468 0.720138
    outer loop
      vertex 17.9572 22.6526 15.2936
      vertex 19.4958 22.761 16.2655
      vertex 17.9357 22.761 15.3648
    endloop
  endfacet
  facet normal -0.0975393 -0.98079 0.168931
    outer loop
      vertex 17.8405 23.2393 16.2665
      vertex 19.1618 23.2074 16.8442
      vertex 19.0816 23.2393 16.9831
    endloop
  endfacet
  facet normal -0.0975437 -0.980787 0.168941
    outer loop
      vertex 19.1618 23.2074 16.8442
      vertex 17.8405 23.2393 16.2665
      vertex 17.8469 23.2074 16.085
    endloop
  endfacet
  facet normal -0.0327196 -0.997857 0.0566677
    outer loop
      vertex 17.8384 23.25 16.4537
      vertex 19.0816 23.2393 16.9831
      vertex 19 23.25 17.1244
    endloop
  endfacet
  facet normal -0.0327199 -0.997857 0.0566686
    outer loop
      vertex 19.0816 23.2393 16.9831
      vertex 17.8384 23.25 16.4537
      vertex 17.8405 23.2393 16.2665
    endloop
  endfacet
  facet normal -0.277718 -0.831544 0.481048
    outer loop
      vertex 17.8717 23.0825 15.7513
      vertex 19.3805 22.9917 16.4654
      vertex 19.3125 23.0825 16.5831
    endloop
  endfacet
  facet normal -0.277632 -0.831689 0.480847
    outer loop
      vertex 19.3805 22.9917 16.4654
      vertex 17.8717 23.0825 15.7513
      vertex 17.8898 22.9917 15.6047
    endloop
  endfacet
  facet normal 0.448436 -0.442203 -0.776764
    outer loop
      vertex 17.959 22.625 17.7734
      vertex 18.4226 22.4784 18.1245
      vertex 17.9686 22.4784 17.8624
    endloop
  endfacet
  facet normal 0.448473 -0.442132 -0.776783
    outer loop
      vertex 18.4226 22.4784 18.1245
      vertex 17.959 22.625 17.7734
      vertex 18.4587 22.625 18.0619
    endloop
  endfacet
  facet normal 0.415334 -0.556761 -0.719385
    outer loop
      vertex 17.9572 22.6526 17.751
      vertex 18.4587 22.625 18.0619
      vertex 17.959 22.625 17.7734
    endloop
  endfacet
  facet normal 0.415906 -0.555306 -0.720179
    outer loop
      vertex 17.9357 22.761 17.655
      vertex 18.4587 22.625 18.0619
      vertex 17.9572 22.6526 17.751
    endloop
  endfacet
  facet normal 0.415664 -0.555714 -0.720004
    outer loop
      vertex 18.4587 22.625 18.0619
      vertex 17.9357 22.761 17.655
      vertex 18.5042 22.761 17.9832
    endloop
  endfacet
  facet normal 0.498917 -0.0654478 -0.864175
    outer loop
      vertex 18 22 17.9904
      vertex 18.3803 22.1632 18.1976
      vertex 18.375 22 18.2069
    endloop
  endfacet
  facet normal 0.498861 -0.0652591 -0.864221
    outer loop
      vertex 18.3803 22.1632 18.1976
      vertex 18 22 17.9904
      vertex 17.9893 22.1632 17.9719
    endloop
  endfacet
  facet normal 0.27766 -0.831707 -0.480799
    outer loop
      vertex 17.8898 22.9917 17.362
      vertex 18.6875 23.0825 17.6656
      vertex 18.6195 22.9917 17.7834
    endloop
  endfacet
  facet normal 0.27774 -0.831528 -0.481063
    outer loop
      vertex 18.6875 23.0825 17.6656
      vertex 17.8898 22.9917 17.362
      vertex 17.8717 23.0825 17.1946
    endloop
  endfacet
  facet normal 0.329732 -0.751634 -0.571247
    outer loop
      vertex 17.9112 22.8839 17.5164
      vertex 18.6195 22.9917 17.7834
      vertex 18.5581 22.8839 17.8898
    endloop
  endfacet
  facet normal 0.329613 -0.752056 -0.57076
    outer loop
      vertex 18.6195 22.9917 17.7834
      vertex 17.9112 22.8839 17.5164
      vertex 17.8898 22.9917 17.362
    endloop
  endfacet
  facet normal 0.160549 -0.94704 -0.278099
    outer loop
      vertex 17.8573 23.1549 17.017
      vertex 18.8382 23.2074 17.4045
      vertex 18.7608 23.1549 17.5386
    endloop
  endfacet
  facet normal 0.160543 -0.947046 -0.278082
    outer loop
      vertex 18.8382 23.2074 17.4045
      vertex 17.8573 23.1549 17.017
      vertex 17.8469 23.2074 16.8322
    endloop
  endfacet
  facet normal -0.49893 0.0654478 0.864167
    outer loop
      vertex 18 22 15.1036
      vertex 19.6197 21.8368 16.0511
      vertex 19.625 22 16.0418
    endloop
  endfacet
  facet normal -0.49892 0.0655409 0.864166
    outer loop
      vertex 19.6197 21.8368 16.0511
      vertex 18 22 15.1036
      vertex 17.9893 21.8368 15.1098
    endloop
  endfacet
  facet normal -0.160564 0.94704 0.27809
    outer loop
      vertex 19.2392 20.8451 16.7101
      vertex 17.8469 20.7926 16.085
      vertex 19.1618 20.7926 16.8442
    endloop
  endfacet
  facet normal -0.160617 0.946996 0.27821
    outer loop
      vertex 17.8469 20.7926 16.085
      vertex 19.2392 20.8451 16.7101
      vertex 17.8573 20.8451 15.9123
    endloop
  endfacet
  facet normal -0.37585 0.659541 0.650955
    outer loop
      vertex 19.4958 21.239 16.2655
      vertex 17.9112 21.1161 15.4751
      vertex 19.4419 21.1161 16.3589
    endloop
  endfacet
  facet normal -0.375924 0.65932 0.651136
    outer loop
      vertex 17.9112 21.1161 15.4751
      vertex 19.4958 21.239 16.2655
      vertex 17.9357 21.239 15.3648
    endloop
  endfacet
  facet normal -0.277718 0.831544 0.481048
    outer loop
      vertex 19.3805 21.0083 16.4654
      vertex 17.8717 20.9175 15.7513
      vertex 19.3125 20.9175 16.5831
    endloop
  endfacet
  facet normal -0.277632 0.831689 0.480847
    outer loop
      vertex 17.8717 20.9175 15.7513
      vertex 19.3805 21.0083 16.4654
      vertex 17.8898 21.0083 15.6047
    endloop
  endfacet
  facet normal -0.415795 0.555347 0.720211
    outer loop
      vertex 17.959 21.375 15.2734
      vertex 19.4958 21.239 16.2655
      vertex 19.5413 21.375 16.1869
    endloop
  endfacet
  facet normal -0.416134 0.554554 0.720626
    outer loop
      vertex 17.9572 21.3474 15.2936
      vertex 19.4958 21.239 16.2655
      vertex 17.959 21.375 15.2734
    endloop
  endfacet
  facet normal -0.415761 0.555468 0.720138
    outer loop
      vertex 19.4958 21.239 16.2655
      vertex 17.9572 21.3474 15.2936
      vertex 17.9357 21.239 15.3648
    endloop
  endfacet
  facet normal -0.473477 0.32129 0.820118
    outer loop
      vertex 17.9788 21.6765 15.1406
      vertex 19.5774 21.5216 16.1242
      vertex 19.6037 21.6765 16.0787
    endloop
  endfacet
  facet normal -0.473471 0.321314 0.820112
    outer loop
      vertex 19.5774 21.5216 16.1242
      vertex 17.9788 21.6765 15.1406
      vertex 17.9686 21.5216 15.1954
    endloop
  endfacet
  facet normal 0.27766 0.831707 -0.480799
    outer loop
      vertex 18.6875 20.9175 17.6656
      vertex 17.8898 21.0083 17.362
      vertex 18.6195 21.0083 17.7834
    endloop
  endfacet
  facet normal 0.27774 0.831528 -0.481063
    outer loop
      vertex 17.8898 21.0083 17.362
      vertex 18.6875 20.9175 17.6656
      vertex 17.8717 20.9175 17.1946
    endloop
  endfacet
  facet normal 0.160549 0.94704 -0.278099
    outer loop
      vertex 18.8382 20.7926 17.4045
      vertex 17.8573 20.8451 17.017
      vertex 18.7608 20.8451 17.5386
    endloop
  endfacet
  facet normal 0.160543 0.947046 -0.278082
    outer loop
      vertex 17.8573 20.8451 17.017
      vertex 18.8382 20.7926 17.4045
      vertex 17.8469 20.7926 16.8322
    endloop
  endfacet
  facet normal 0.0327207 0.997857 -0.0566671
    outer loop
      vertex 19 20.75 17.1244
      vertex 17.8405 20.7607 16.6433
      vertex 18.9184 20.7607 17.2657
    endloop
  endfacet
  facet normal 0.0327244 0.997856 -0.0566761
    outer loop
      vertex 17.8405 20.7607 16.6433
      vertex 19 20.75 17.1244
      vertex 17.8384 20.75 16.4537
    endloop
  endfacet
  facet normal 0.415664 0.555714 -0.720004
    outer loop
      vertex 17.9357 21.239 17.655
      vertex 18.4587 21.375 18.0619
      vertex 18.5042 21.239 17.9832
    endloop
  endfacet
  facet normal 0.415334 0.556761 -0.719385
    outer loop
      vertex 18.4587 21.375 18.0619
      vertex 17.9572 21.3474 17.751
      vertex 17.959 21.375 17.7734
    endloop
  endfacet
  facet normal 0.415906 0.555306 -0.720179
    outer loop
      vertex 18.4587 21.375 18.0619
      vertex 17.9357 21.239 17.655
      vertex 17.9572 21.3474 17.751
    endloop
  endfacet
  facet normal 0.329732 0.751634 -0.571247
    outer loop
      vertex 18.6195 21.0083 17.7834
      vertex 17.9112 21.1161 17.5164
      vertex 18.5581 21.1161 17.8898
    endloop
  endfacet
  facet normal 0.329613 0.752056 -0.57076
    outer loop
      vertex 17.9112 21.1161 17.5164
      vertex 18.6195 21.0083 17.7834
      vertex 17.8898 21.0083 17.362
    endloop
  endfacet
  facet normal 0.473467 0.32129 -0.820123
    outer loop
      vertex 17.9686 21.5216 17.8624
      vertex 18.3963 21.6765 18.17
      vertex 18.4226 21.5216 18.1245
    endloop
  endfacet
  facet normal 0.473401 0.321435 -0.820104
    outer loop
      vertex 18.3963 21.6765 18.17
      vertex 17.9686 21.5216 17.8624
      vertex 17.9788 21.6765 17.929
    endloop
  endfacet
  facet normal -0.221351 0.89666 0.383411
    outer loop
      vertex 19.3125 20.9175 16.5831
      vertex 17.8573 20.8451 15.9123
      vertex 19.2392 20.8451 16.7101
    endloop
  endfacet
  facet normal -0.221355 0.896656 0.383419
    outer loop
      vertex 17.8573 20.8451 15.9123
      vertex 19.3125 20.9175 16.5831
      vertex 17.8717 20.9175 15.7513
    endloop
  endfacet
  facet normal -0.329671 0.751865 0.570978
    outer loop
      vertex 19.4419 21.1161 16.3589
      vertex 17.8898 21.0083 15.6047
      vertex 19.3805 21.0083 16.4654
    endloop
  endfacet
  facet normal -0.329667 0.751875 0.570967
    outer loop
      vertex 17.8898 21.0083 15.6047
      vertex 19.4419 21.1161 16.3589
      vertex 17.9112 21.1161 15.4751
    endloop
  endfacet
  facet normal -0.448355 0.442558 0.776608
    outer loop
      vertex 17.9686 21.5216 15.1954
      vertex 19.5413 21.375 16.1869
      vertex 19.5774 21.5216 16.1242
    endloop
  endfacet
  facet normal -0.448354 0.442562 0.776607
    outer loop
      vertex 19.5413 21.375 16.1869
      vertex 17.9686 21.5216 15.1954
      vertex 17.959 21.375 15.2734
    endloop
  endfacet
  facet normal 0.221359 0.89666 -0.383406
    outer loop
      vertex 18.7608 20.8451 17.5386
      vertex 17.8717 20.9175 17.1946
      vertex 18.6875 20.9175 17.6656
    endloop
  endfacet
  facet normal 0.22138 0.896629 -0.383467
    outer loop
      vertex 17.8717 20.9175 17.1946
      vertex 18.7608 20.8451 17.5386
      vertex 17.8573 20.8451 17.017
    endloop
  endfacet
  facet normal -0.0327196 0.997857 0.0566677
    outer loop
      vertex 19.0816 20.7607 16.9831
      vertex 17.8384 20.75 16.4537
      vertex 19 20.75 17.1244
    endloop
  endfacet
  facet normal -0.0327199 0.997857 0.0566686
    outer loop
      vertex 17.8384 20.75 16.4537
      vertex 19.0816 20.7607 16.9831
      vertex 17.8405 20.7607 16.2665
    endloop
  endfacet
  facet normal 0.375814 0.659541 -0.650976
    outer loop
      vertex 18.5581 21.1161 17.8898
      vertex 17.9357 21.239 17.655
      vertex 18.5042 21.239 17.9832
    endloop
  endfacet
  facet normal 0.375838 0.65938 -0.651125
    outer loop
      vertex 17.9357 21.239 17.655
      vertex 18.5581 21.1161 17.8898
      vertex 17.9112 21.1161 17.5164
    endloop
  endfacet
  facet normal 0.448473 0.442132 -0.776783
    outer loop
      vertex 17.959 21.375 17.7734
      vertex 18.4226 21.5216 18.1245
      vertex 18.4587 21.375 18.0619
    endloop
  endfacet
  facet normal 0.448436 0.442203 -0.776764
    outer loop
      vertex 18.4226 21.5216 18.1245
      vertex 17.959 21.375 17.7734
      vertex 17.9686 21.5216 17.8624
    endloop
  endfacet
  facet normal -0.99788 -0.0650791 0
    outer loop
      vertex 17.959 22.625 17.7734
      vertex 17.9572 22.6526 18.9305
      vertex 17.9572 22.6526 17.751
    endloop
  endfacet
  facet normal -0.997863 -0.0653406 6.26247e-06
    outer loop
      vertex 17.9686 22.4784 17.8624
      vertex 17.9572 22.6526 18.9305
      vertex 17.959 22.625 17.7734
    endloop
  endfacet
  facet normal -0.997841 -0.0656801 6.18823e-05
    outer loop
      vertex 17.9788 22.3235 17.929
      vertex 17.9572 22.6526 18.9305
      vertex 17.9686 22.4784 17.8624
    endloop
  endfacet
  facet normal -0.997861 -0.0653727 -3.95925e-05
    outer loop
      vertex 17.9893 22.1632 17.9719
      vertex 17.9572 22.6526 18.9305
      vertex 17.9788 22.3235 17.929
    endloop
  endfacet
  facet normal -0.997858 -0.0654233 -0
    outer loop
      vertex 18 22 18.8564
      vertex 17.9893 22.1632 17.9719
      vertex 18 22 17.9904
    endloop
  endfacet
  facet normal -0.997856 -0.0654428 -3.62353e-06
    outer loop
      vertex 17.9893 22.1632 17.9719
      vertex 18 22 18.8564
      vertex 17.9572 22.6526 18.9305
    endloop
  endfacet
  facet normal -0.99788 -0.0650791 0
    outer loop
      vertex 17.9572 22.6526 0
      vertex 17.959 22.625 15.2734
      vertex 17.9572 22.6526 15.2936
    endloop
  endfacet
  facet normal -0.997863 -0.0653441 -4.80848e-07
    outer loop
      vertex 17.9572 22.6526 0
      vertex 17.9686 22.4784 15.1954
      vertex 17.959 22.625 15.2734
    endloop
  endfacet
  facet normal -0.997839 -0.065705 -4.63598e-06
    outer loop
      vertex 17.9572 22.6526 0
      vertex 17.9788 22.3235 15.1406
      vertex 17.9686 22.4784 15.1954
    endloop
  endfacet
  facet normal -0.997862 -0.0653627 2.83738e-06
    outer loop
      vertex 17.9572 22.6526 0
      vertex 17.9893 22.1632 15.1098
      vertex 17.9788 22.3235 15.1406
    endloop
  endfacet
  facet normal -0.997856 -0.0654432 2.16559e-07
    outer loop
      vertex 18 22 0
      vertex 17.9893 22.1632 15.1098
      vertex 17.9572 22.6526 0
    endloop
  endfacet
  facet normal -0.997858 -0.0654233 0
    outer loop
      vertex 17.9893 22.1632 15.1098
      vertex 18 22 0
      vertex 18 22 15.1036
    endloop
  endfacet
  facet normal 0.997858 0.0654128 0
    outer loop
      vertex 8.04278 21.3474 36.1028
      vertex 8 22 0
      vertex 8 22 36.1769
    endloop
  endfacet
  facet normal 0.997858 0.0654128 0
    outer loop
      vertex 8 22 0
      vertex 8.04278 21.3474 36.1028
      vertex 8.04278 21.3474 0
    endloop
  endfacet
  facet normal 0.0654432 -0.997856 0
    outer loop
      vertex 12.3474 26.9572 0
      vertex 13 27 27.5167
      vertex 12.3474 26.9572 28.647
    endloop
  endfacet
  facet normal 0.0654432 -0.997856 0
    outer loop
      vertex 13 27 27.5167
      vertex 12.3474 26.9572 0
      vertex 13 27 0
    endloop
  endfacet
  facet normal -0.0654432 0.997856 0
    outer loop
      vertex 13 17 0
      vertex 13.6526 17.0428 26.3863
      vertex 13.6526 17.0428 0
    endloop
  endfacet
  facet normal -0.0654432 0.997856 0
    outer loop
      vertex 13.6526 17.0428 26.3863
      vertex 13 17 0
      vertex 13 17 27.5167
    endloop
  endfacet
  facet normal -0.659424 -0.751771 0
    outer loop
      vertex 16.0438 25.9668 0
      vertex 16.5355 25.5355 21.3929
      vertex 16.0438 25.9668 22.2446
    endloop
  endfacet
  facet normal -0.659424 -0.751771 -0
    outer loop
      vertex 16.5355 25.5355 21.3929
      vertex 16.0438 25.9668 0
      vertex 16.5355 25.5355 0
    endloop
  endfacet
  facet normal 0.751817 -0.659372 0
    outer loop
      vertex 9.03323 25.0438 0
      vertex 9.46447 25.5355 33.6404
      vertex 9.03323 25.0438 34.3873
    endloop
  endfacet
  facet normal 0.751817 -0.659372 0
    outer loop
      vertex 9.46447 25.5355 33.6404
      vertex 9.03323 25.0438 0
      vertex 9.46447 25.5355 0
    endloop
  endfacet
  facet normal 0.442314 -0.89686 0
    outer loop
      vertex 10.5 26.3301 0
      vertex 11.0866 26.6194 30.8308
      vertex 10.5 26.3301 31.8468
    endloop
  endfacet
  facet normal 0.442314 -0.89686 0
    outer loop
      vertex 11.0866 26.6194 30.8308
      vertex 10.5 26.3301 0
      vertex 11.0866 26.6194 0
    endloop
  endfacet
  facet normal 0.896878 0.442277 0
    outer loop
      vertex 8.66987 19.5 35.0167
      vertex 8.3806 20.0866 0
      vertex 8.3806 20.0866 35.5177
    endloop
  endfacet
  facet normal 0.896878 0.442277 0
    outer loop
      vertex 8.3806 20.0866 0
      vertex 8.66987 19.5 35.0167
      vertex 8.66987 19.5 0
    endloop
  endfacet
  facet normal -0.89686 -0.442314 -0
    outer loop
      vertex 17.6194 23.9134 19.5156
      vertex 17.3301 24.5 0
      vertex 17.6194 23.9134 0
    endloop
  endfacet
  facet normal -0.89686 -0.442314 0
    outer loop
      vertex 17.3301 24.5 0
      vertex 17.6194 23.9134 19.5156
      vertex 17.3301 24.5 20.0167
    endloop
  endfacet
  facet normal -0.980666 -0.195688 0
    outer loop
      vertex 17.8296 23.2941 0
      vertex 17.8384 23.25 16.4537
      vertex 17.8296 23.2941 19.1515
    endloop
  endfacet
  facet normal -0.981252 -0.192727 8.25208e-06
    outer loop
      vertex 17.8296 23.2941 0
      vertex 17.8405 23.2393 16.2665
      vertex 17.8384 23.25 16.4537
    endloop
  endfacet
  facet normal -0.980468 -0.196677 -5.58045e-06
    outer loop
      vertex 17.8296 23.2941 0
      vertex 17.8469 23.2074 16.085
      vertex 17.8405 23.2393 16.2665
    endloop
  endfacet
  facet normal -0.980934 -0.194343 7.4988e-06
    outer loop
      vertex 17.8296 23.2941 0
      vertex 17.8573 23.1549 15.9123
      vertex 17.8469 23.2074 16.085
    endloop
  endfacet
  facet normal -0.980788 -0.195076 8.35096e-07
    outer loop
      vertex 17.8296 23.2941 0
      vertex 17.8717 23.0825 15.7513
      vertex 17.8573 23.1549 15.9123
    endloop
  endfacet
  facet normal -0.980707 -0.195485 -4.88595e-06
    outer loop
      vertex 17.8296 23.2941 0
      vertex 17.8898 22.9917 15.6047
      vertex 17.8717 23.0825 15.7513
    endloop
  endfacet
  facet normal -0.980857 -0.194728 1.03705e-05
    outer loop
      vertex 17.8296 23.2941 0
      vertex 17.9112 22.8839 15.4751
      vertex 17.8898 22.9917 15.6047
    endloop
  endfacet
  facet normal -0.980705 -0.195493 -1.07079e-05
    outer loop
      vertex 17.8296 23.2941 0
      vertex 17.9357 22.761 15.3648
      vertex 17.9112 22.8839 15.4751
    endloop
  endfacet
  facet normal -0.980786 -0.195087 -0
    outer loop
      vertex 17.9572 22.6526 15.2936
      vertex 17.8296 23.2941 0
      vertex 17.9572 22.6526 0
    endloop
  endfacet
  facet normal -0.98089 -0.194564 2.27962e-05
    outer loop
      vertex 17.8296 23.2941 0
      vertex 17.9572 22.6526 15.2936
      vertex 17.9357 22.761 15.3648
    endloop
  endfacet
  facet normal -0.981143 -0.193285 -4.08504e-05
    outer loop
      vertex 17.8405 23.2393 16.6433
      vertex 17.8296 23.2941 19.1515
      vertex 17.8384 23.25 16.4537
    endloop
  endfacet
  facet normal -0.9805 -0.196521 3.26604e-05
    outer loop
      vertex 17.8469 23.2074 16.8322
      vertex 17.8296 23.2941 19.1515
      vertex 17.8405 23.2393 16.6433
    endloop
  endfacet
  facet normal -0.980907 -0.194478 -4.67724e-05
    outer loop
      vertex 17.8573 23.1549 17.017
      vertex 17.8296 23.2941 19.1515
      vertex 17.8469 23.2074 16.8322
    endloop
  endfacet
  facet normal -0.980786 -0.195087 -5.47131e-06
    outer loop
      vertex 17.8717 23.0825 17.1946
      vertex 17.8296 23.2941 19.1515
      vertex 17.8573 23.1549 17.017
    endloop
  endfacet
  facet normal -0.980717 -0.195434 3.35023e-05
    outer loop
      vertex 17.8898 22.9917 17.362
      vertex 17.8296 23.2941 19.1515
      vertex 17.8717 23.0825 17.1946
    endloop
  endfacet
  facet normal -0.980839 -0.194819 -7.45049e-05
    outer loop
      vertex 17.9112 22.8839 17.5164
      vertex 17.8296 23.2941 19.1515
      vertex 17.8898 22.9917 17.362
    endloop
  endfacet
  facet normal -0.980721 -0.195415 8.08748e-05
    outer loop
      vertex 17.9357 22.761 17.655
      vertex 17.8296 23.2941 19.1515
      vertex 17.9112 22.8839 17.5164
    endloop
  endfacet
  facet normal -0.980862 -0.194705 -0.000181971
    outer loop
      vertex 17.9572 22.6526 17.751
      vertex 17.8296 23.2941 19.1515
      vertex 17.9357 22.761 17.655
    endloop
  endfacet
  facet normal -0.980786 -0.195087 0
    outer loop
      vertex 17.8296 23.2941 19.1515
      vertex 17.9572 22.6526 17.751
      vertex 17.9572 22.6526 18.9305
    endloop
  endfacet
  facet normal -0.321407 -0.946941 0
    outer loop
      vertex 14.2941 26.8296 0
      vertex 14.9134 26.6194 24.2025
      vertex 14.2941 26.8296 25.2752
    endloop
  endfacet
  facet normal -0.321407 -0.946941 -0
    outer loop
      vertex 14.9134 26.6194 24.2025
      vertex 14.2941 26.8296 0
      vertex 14.9134 26.6194 0
    endloop
  endfacet
  facet normal -0.555512 -0.831509 0
    outer loop
      vertex 15.5 26.3301 0
      vertex 16.0438 25.9668 22.2446
      vertex 15.5 26.3301 23.1865
    endloop
  endfacet
  facet normal -0.555512 -0.831509 -0
    outer loop
      vertex 16.0438 25.9668 22.2446
      vertex 15.5 26.3301 0
      vertex 16.0438 25.9668 0
    endloop
  endfacet
  facet normal 0.946927 -0.321448 0
    outer loop
      vertex 8.17037 23.2941 0
      vertex 8.3806 23.9134 35.5177
      vertex 8.17037 23.2941 35.8818
    endloop
  endfacet
  facet normal 0.946927 -0.321448 0
    outer loop
      vertex 8.3806 23.9134 35.5177
      vertex 8.17037 23.2941 0
      vertex 8.3806 23.9134 0
    endloop
  endfacet
  facet normal 0.831466 -0.555575 0
    outer loop
      vertex 8.66987 24.5 0
      vertex 9.03323 25.0438 34.3873
      vertex 8.66987 24.5 35.0167
    endloop
  endfacet
  facet normal 0.831466 -0.555575 0
    outer loop
      vertex 9.03323 25.0438 34.3873
      vertex 8.66987 24.5 0
      vertex 9.03323 25.0438 0
    endloop
  endfacet
  facet normal 0.980789 -0.195072 0
    outer loop
      vertex 8.04278 22.6526 0
      vertex 8.17037 23.2941 35.8818
      vertex 8.04278 22.6526 36.1028
    endloop
  endfacet
  facet normal 0.980789 -0.195072 0
    outer loop
      vertex 8.17037 23.2941 35.8818
      vertex 8.04278 22.6526 0
      vertex 8.17037 23.2941 0
    endloop
  endfacet
  facet normal 0.195087 -0.980786 0
    outer loop
      vertex 11.7059 26.8296 0
      vertex 12.3474 26.9572 28.647
      vertex 11.7059 26.8296 29.7581
    endloop
  endfacet
  facet normal 0.195087 -0.980786 0
    outer loop
      vertex 12.3474 26.9572 28.647
      vertex 11.7059 26.8296 0
      vertex 12.3474 26.9572 0
    endloop
  endfacet
  facet normal -0.195087 0.980786 0
    outer loop
      vertex 13.6526 17.0428 0
      vertex 14.2941 17.1704 25.2752
      vertex 14.2941 17.1704 0
    endloop
  endfacet
  facet normal -0.195087 0.980786 0
    outer loop
      vertex 14.2941 17.1704 25.2752
      vertex 13.6526 17.0428 0
      vertex 13.6526 17.0428 26.3863
    endloop
  endfacet
  facet normal -0.980786 0.195087 0
    outer loop
      vertex 17.8296 20.7059 0
      vertex 17.9572 21.3474 15.2936
      vertex 17.9572 21.3474 0
    endloop
  endfacet
  facet normal -0.98089 0.194564 2.27962e-05
    outer loop
      vertex 17.9572 21.3474 15.2936
      vertex 17.8296 20.7059 0
      vertex 17.9357 21.239 15.3648
    endloop
  endfacet
  facet normal -0.980705 0.195493 -1.07079e-05
    outer loop
      vertex 17.9357 21.239 15.3648
      vertex 17.8296 20.7059 0
      vertex 17.9112 21.1161 15.4751
    endloop
  endfacet
  facet normal -0.980857 0.194728 1.03705e-05
    outer loop
      vertex 17.9112 21.1161 15.4751
      vertex 17.8296 20.7059 0
      vertex 17.8898 21.0083 15.6047
    endloop
  endfacet
  facet normal -0.980707 0.195485 -4.88595e-06
    outer loop
      vertex 17.8898 21.0083 15.6047
      vertex 17.8296 20.7059 0
      vertex 17.8717 20.9175 15.7513
    endloop
  endfacet
  facet normal -0.980788 0.195076 8.35096e-07
    outer loop
      vertex 17.8717 20.9175 15.7513
      vertex 17.8296 20.7059 0
      vertex 17.8573 20.8451 15.9123
    endloop
  endfacet
  facet normal -0.980934 0.194343 7.4988e-06
    outer loop
      vertex 17.8573 20.8451 15.9123
      vertex 17.8296 20.7059 0
      vertex 17.8469 20.7926 16.085
    endloop
  endfacet
  facet normal -0.980468 0.196677 -5.58045e-06
    outer loop
      vertex 17.8469 20.7926 16.085
      vertex 17.8296 20.7059 0
      vertex 17.8405 20.7607 16.2665
    endloop
  endfacet
  facet normal -0.981252 0.192727 8.25208e-06
    outer loop
      vertex 17.8405 20.7607 16.2665
      vertex 17.8296 20.7059 0
      vertex 17.8384 20.75 16.4537
    endloop
  endfacet
  facet normal -0.980862 0.194705 -0.000181971
    outer loop
      vertex 17.8296 20.7059 19.1515
      vertex 17.9572 21.3474 17.751
      vertex 17.9357 21.239 17.655
    endloop
  endfacet
  facet normal -0.980721 0.195415 8.08748e-05
    outer loop
      vertex 17.8296 20.7059 19.1515
      vertex 17.9357 21.239 17.655
      vertex 17.9112 21.1161 17.5164
    endloop
  endfacet
  facet normal -0.980839 0.194819 -7.45049e-05
    outer loop
      vertex 17.8296 20.7059 19.1515
      vertex 17.9112 21.1161 17.5164
      vertex 17.8898 21.0083 17.362
    endloop
  endfacet
  facet normal -0.980717 0.195434 3.35023e-05
    outer loop
      vertex 17.8296 20.7059 19.1515
      vertex 17.8898 21.0083 17.362
      vertex 17.8717 20.9175 17.1946
    endloop
  endfacet
  facet normal -0.980786 0.195087 -5.47131e-06
    outer loop
      vertex 17.8296 20.7059 19.1515
      vertex 17.8717 20.9175 17.1946
      vertex 17.8573 20.8451 17.017
    endloop
  endfacet
  facet normal -0.980907 0.194478 -4.67724e-05
    outer loop
      vertex 17.8296 20.7059 19.1515
      vertex 17.8573 20.8451 17.017
      vertex 17.8469 20.7926 16.8322
    endloop
  endfacet
  facet normal -0.980786 0.195087 0
    outer loop
      vertex 17.9572 21.3474 17.751
      vertex 17.8296 20.7059 19.1515
      vertex 17.9572 21.3474 18.9305
    endloop
  endfacet
  facet normal -0.9805 0.196521 3.26604e-05
    outer loop
      vertex 17.8405 20.7607 16.6433
      vertex 17.8296 20.7059 19.1515
      vertex 17.8469 20.7926 16.8322
    endloop
  endfacet
  facet normal -0.981143 0.193285 -4.08504e-05
    outer loop
      vertex 17.8384 20.75 16.4537
      vertex 17.8296 20.7059 19.1515
      vertex 17.8405 20.7607 16.6433
    endloop
  endfacet
  facet normal -0.980666 0.195688 0
    outer loop
      vertex 17.8296 20.7059 19.1515
      vertex 17.8384 20.75 16.4537
      vertex 17.8296 20.7059 0
    endloop
  endfacet
  facet normal 0.195087 0.980786 0
    outer loop
      vertex 11.7059 17.1704 0
      vertex 12.3474 17.0428 28.647
      vertex 12.3474 17.0428 0
    endloop
  endfacet
  facet normal 0.195087 0.980786 0
    outer loop
      vertex 12.3474 17.0428 28.647
      vertex 11.7059 17.1704 0
      vertex 11.7059 17.1704 29.7581
    endloop
  endfacet
  facet normal 0.980789 0.195072 0
    outer loop
      vertex 8.17037 20.7059 35.8818
      vertex 8.04278 21.3474 0
      vertex 8.04278 21.3474 36.1028
    endloop
  endfacet
  facet normal 0.980789 0.195072 0
    outer loop
      vertex 8.04278 21.3474 0
      vertex 8.17037 20.7059 35.8818
      vertex 8.17037 20.7059 0
    endloop
  endfacet
  facet normal -0.946941 -0.321407 -0
    outer loop
      vertex 17.8296 23.2941 19.1515
      vertex 17.6194 23.9134 0
      vertex 17.8296 23.2941 0
    endloop
  endfacet
  facet normal -0.946941 -0.321407 0
    outer loop
      vertex 17.6194 23.9134 0
      vertex 17.8296 23.2941 19.1515
      vertex 17.6194 23.9134 19.5156
    endloop
  endfacet
  facet normal -0.751771 -0.659424 -0
    outer loop
      vertex 16.9668 25.0438 20.646
      vertex 16.5355 25.5355 0
      vertex 16.9668 25.0438 0
    endloop
  endfacet
  facet normal -0.751771 -0.659424 0
    outer loop
      vertex 16.5355 25.5355 0
      vertex 16.9668 25.0438 20.646
      vertex 16.5355 25.5355 21.3929
    endloop
  endfacet
  facet normal -0.831509 -0.555512 -0
    outer loop
      vertex 17.3301 24.5 20.0167
      vertex 16.9668 25.0438 0
      vertex 17.3301 24.5 0
    endloop
  endfacet
  facet normal -0.831509 -0.555512 0
    outer loop
      vertex 16.9668 25.0438 0
      vertex 17.3301 24.5 20.0167
      vertex 16.9668 25.0438 20.646
    endloop
  endfacet
  facet normal -0.195087 -0.980786 0
    outer loop
      vertex 13.6526 26.9572 0
      vertex 14.2941 26.8296 25.2752
      vertex 13.6526 26.9572 26.3863
    endloop
  endfacet
  facet normal -0.195087 -0.980786 -0
    outer loop
      vertex 14.2941 26.8296 25.2752
      vertex 13.6526 26.9572 0
      vertex 14.2941 26.8296 0
    endloop
  endfacet
  facet normal -0.0654432 -0.997856 0
    outer loop
      vertex 13 27 0
      vertex 13.6526 26.9572 26.3863
      vertex 13 27 27.5167
    endloop
  endfacet
  facet normal -0.0654432 -0.997856 -0
    outer loop
      vertex 13.6526 26.9572 26.3863
      vertex 13 27 0
      vertex 13.6526 26.9572 0
    endloop
  endfacet
  facet normal -0.442314 -0.89686 0
    outer loop
      vertex 14.9134 26.6194 0
      vertex 15.5 26.3301 23.1865
      vertex 14.9134 26.6194 24.2025
    endloop
  endfacet
  facet normal -0.442314 -0.89686 -0
    outer loop
      vertex 15.5 26.3301 23.1865
      vertex 14.9134 26.6194 0
      vertex 15.5 26.3301 0
    endloop
  endfacet
  facet normal 0.896878 -0.442277 0
    outer loop
      vertex 8.3806 23.9134 0
      vertex 8.66987 24.5 35.0167
      vertex 8.3806 23.9134 35.5177
    endloop
  endfacet
  facet normal 0.896878 -0.442277 0
    outer loop
      vertex 8.66987 24.5 35.0167
      vertex 8.3806 23.9134 0
      vertex 8.66987 24.5 0
    endloop
  endfacet
  facet normal 0.997858 -0.0654128 0
    outer loop
      vertex 8 22 0
      vertex 8.04278 22.6526 36.1028
      vertex 8 22 36.1769
    endloop
  endfacet
  facet normal 0.997858 -0.0654128 0
    outer loop
      vertex 8.04278 22.6526 36.1028
      vertex 8 22 0
      vertex 8.04278 22.6526 0
    endloop
  endfacet
  facet normal 0.555504 -0.831514 0
    outer loop
      vertex 9.95619 25.9668 0
      vertex 10.5 26.3301 31.8468
      vertex 9.95619 25.9668 32.7887
    endloop
  endfacet
  facet normal 0.555504 -0.831514 0
    outer loop
      vertex 10.5 26.3301 31.8468
      vertex 9.95619 25.9668 0
      vertex 10.5 26.3301 0
    endloop
  endfacet
  facet normal 0.659409 -0.751784 0
    outer loop
      vertex 9.46447 25.5355 0
      vertex 9.95619 25.9668 32.7887
      vertex 9.46447 25.5355 33.6404
    endloop
  endfacet
  facet normal 0.659409 -0.751784 0
    outer loop
      vertex 9.95619 25.9668 32.7887
      vertex 9.46447 25.5355 0
      vertex 9.95619 25.9668 0
    endloop
  endfacet
  facet normal 0.321407 -0.946941 0
    outer loop
      vertex 11.0866 26.6194 0
      vertex 11.7059 26.8296 29.7581
      vertex 11.0866 26.6194 30.8308
    endloop
  endfacet
  facet normal 0.321407 -0.946941 0
    outer loop
      vertex 11.7059 26.8296 29.7581
      vertex 11.0866 26.6194 0
      vertex 11.7059 26.8296 0
    endloop
  endfacet
  facet normal -0.997858 0.0654233 0
    outer loop
      vertex 17.9893 21.8368 17.9719
      vertex 18 22 18.8564
      vertex 18 22 17.9904
    endloop
  endfacet
  facet normal -0.997861 0.0653727 -3.95925e-05
    outer loop
      vertex 17.9572 21.3474 18.9305
      vertex 17.9893 21.8368 17.9719
      vertex 17.9788 21.6765 17.929
    endloop
  endfacet
  facet normal -0.997841 0.0656801 6.18823e-05
    outer loop
      vertex 17.9572 21.3474 18.9305
      vertex 17.9788 21.6765 17.929
      vertex 17.9686 21.5216 17.8624
    endloop
  endfacet
  facet normal -0.997863 0.0653406 6.26247e-06
    outer loop
      vertex 17.9572 21.3474 18.9305
      vertex 17.9686 21.5216 17.8624
      vertex 17.959 21.375 17.7734
    endloop
  endfacet
  facet normal -0.99788 0.0650791 0
    outer loop
      vertex 17.9572 21.3474 18.9305
      vertex 17.959 21.375 17.7734
      vertex 17.9572 21.3474 17.751
    endloop
  endfacet
  facet normal -0.997856 0.0654428 -3.62353e-06
    outer loop
      vertex 17.9893 21.8368 17.9719
      vertex 17.9572 21.3474 18.9305
      vertex 18 22 18.8564
    endloop
  endfacet
  facet normal -0.997858 0.0654233 0
    outer loop
      vertex 18 22 0
      vertex 17.9893 21.8368 15.1098
      vertex 18 22 15.1036
    endloop
  endfacet
  facet normal -0.997856 0.0654432 2.16559e-07
    outer loop
      vertex 17.9572 21.3474 0
      vertex 17.9893 21.8368 15.1098
      vertex 18 22 0
    endloop
  endfacet
  facet normal -0.997862 0.0653627 2.83738e-06
    outer loop
      vertex 17.9893 21.8368 15.1098
      vertex 17.9572 21.3474 0
      vertex 17.9788 21.6765 15.1406
    endloop
  endfacet
  facet normal -0.997839 0.065705 -4.63598e-06
    outer loop
      vertex 17.9788 21.6765 15.1406
      vertex 17.9572 21.3474 0
      vertex 17.9686 21.5216 15.1954
    endloop
  endfacet
  facet normal -0.997863 0.0653441 -4.80848e-07
    outer loop
      vertex 17.9686 21.5216 15.1954
      vertex 17.9572 21.3474 0
      vertex 17.959 21.375 15.2734
    endloop
  endfacet
  facet normal -0.99788 0.0650791 0
    outer loop
      vertex 17.959 21.375 15.2734
      vertex 17.9572 21.3474 0
      vertex 17.9572 21.3474 15.2936
    endloop
  endfacet
  facet normal -0.321407 0.946941 0
    outer loop
      vertex 14.2941 17.1704 0
      vertex 14.9134 17.3806 24.2025
      vertex 14.9134 17.3806 0
    endloop
  endfacet
  facet normal -0.321407 0.946941 0
    outer loop
      vertex 14.9134 17.3806 24.2025
      vertex 14.2941 17.1704 0
      vertex 14.2941 17.1704 25.2752
    endloop
  endfacet
  facet normal -0.751771 0.659424 0
    outer loop
      vertex 16.5355 18.4645 0
      vertex 16.9668 18.9562 20.646
      vertex 16.9668 18.9562 0
    endloop
  endfacet
  facet normal -0.751771 0.659424 0
    outer loop
      vertex 16.9668 18.9562 20.646
      vertex 16.5355 18.4645 0
      vertex 16.5355 18.4645 21.3929
    endloop
  endfacet
  facet normal -0.555512 0.831509 0
    outer loop
      vertex 15.5 17.6699 0
      vertex 16.0438 18.0332 22.2446
      vertex 16.0438 18.0332 0
    endloop
  endfacet
  facet normal -0.555512 0.831509 0
    outer loop
      vertex 16.0438 18.0332 22.2446
      vertex 15.5 17.6699 0
      vertex 15.5 17.6699 23.1865
    endloop
  endfacet
  facet normal -0.831509 0.555512 0
    outer loop
      vertex 16.9668 18.9562 0
      vertex 17.3301 19.5 20.0167
      vertex 17.3301 19.5 0
    endloop
  endfacet
  facet normal -0.831509 0.555512 0
    outer loop
      vertex 17.3301 19.5 20.0167
      vertex 16.9668 18.9562 0
      vertex 16.9668 18.9562 20.646
    endloop
  endfacet
  facet normal -0.946941 0.321407 0
    outer loop
      vertex 17.6194 20.0866 0
      vertex 17.8296 20.7059 19.1515
      vertex 17.8296 20.7059 0
    endloop
  endfacet
  facet normal -0.946941 0.321407 0
    outer loop
      vertex 17.8296 20.7059 19.1515
      vertex 17.6194 20.0866 0
      vertex 17.6194 20.0866 19.5156
    endloop
  endfacet
  facet normal 0.555504 0.831514 0
    outer loop
      vertex 9.95619 18.0332 0
      vertex 10.5 17.6699 31.8468
      vertex 10.5 17.6699 0
    endloop
  endfacet
  facet normal 0.555504 0.831514 0
    outer loop
      vertex 10.5 17.6699 31.8468
      vertex 9.95619 18.0332 0
      vertex 9.95619 18.0332 32.7887
    endloop
  endfacet
  facet normal 0.321407 0.946941 0
    outer loop
      vertex 11.0866 17.3806 0
      vertex 11.7059 17.1704 29.7581
      vertex 11.7059 17.1704 0
    endloop
  endfacet
  facet normal 0.321407 0.946941 0
    outer loop
      vertex 11.7059 17.1704 29.7581
      vertex 11.0866 17.3806 0
      vertex 11.0866 17.3806 30.8308
    endloop
  endfacet
  facet normal 0.0654432 0.997856 0
    outer loop
      vertex 12.3474 17.0428 0
      vertex 13 17 27.5167
      vertex 13 17 0
    endloop
  endfacet
  facet normal 0.0654432 0.997856 0
    outer loop
      vertex 13 17 27.5167
      vertex 12.3474 17.0428 0
      vertex 12.3474 17.0428 28.647
    endloop
  endfacet
  facet normal 0.831466 0.555575 0
    outer loop
      vertex 9.03323 18.9562 34.3873
      vertex 8.66987 19.5 0
      vertex 8.66987 19.5 35.0167
    endloop
  endfacet
  facet normal 0.831466 0.555575 0
    outer loop
      vertex 8.66987 19.5 0
      vertex 9.03323 18.9562 34.3873
      vertex 9.03323 18.9562 0
    endloop
  endfacet
  facet normal 0.659409 0.751784 0
    outer loop
      vertex 9.46447 18.4645 0
      vertex 9.95619 18.0332 32.7887
      vertex 9.95619 18.0332 0
    endloop
  endfacet
  facet normal 0.659409 0.751784 0
    outer loop
      vertex 9.95619 18.0332 32.7887
      vertex 9.46447 18.4645 0
      vertex 9.46447 18.4645 33.6404
    endloop
  endfacet
  facet normal 0.946927 0.321448 0
    outer loop
      vertex 8.3806 20.0866 35.5177
      vertex 8.17037 20.7059 0
      vertex 8.17037 20.7059 35.8818
    endloop
  endfacet
  facet normal 0.946927 0.321448 0
    outer loop
      vertex 8.17037 20.7059 0
      vertex 8.3806 20.0866 35.5177
      vertex 8.3806 20.0866 0
    endloop
  endfacet
  facet normal -0.442314 0.89686 0
    outer loop
      vertex 14.9134 17.3806 0
      vertex 15.5 17.6699 23.1865
      vertex 15.5 17.6699 0
    endloop
  endfacet
  facet normal -0.442314 0.89686 0
    outer loop
      vertex 15.5 17.6699 23.1865
      vertex 14.9134 17.3806 0
      vertex 14.9134 17.3806 24.2025
    endloop
  endfacet
  facet normal -0.659424 0.751771 0
    outer loop
      vertex 16.0438 18.0332 0
      vertex 16.5355 18.4645 21.3929
      vertex 16.5355 18.4645 0
    endloop
  endfacet
  facet normal -0.659424 0.751771 0
    outer loop
      vertex 16.5355 18.4645 21.3929
      vertex 16.0438 18.0332 0
      vertex 16.0438 18.0332 22.2446
    endloop
  endfacet
  facet normal -0.89686 0.442314 0
    outer loop
      vertex 17.3301 19.5 0
      vertex 17.6194 20.0866 19.5156
      vertex 17.6194 20.0866 0
    endloop
  endfacet
  facet normal -0.89686 0.442314 0
    outer loop
      vertex 17.6194 20.0866 19.5156
      vertex 17.3301 19.5 0
      vertex 17.3301 19.5 20.0167
    endloop
  endfacet
  facet normal 0.442314 0.89686 0
    outer loop
      vertex 10.5 17.6699 0
      vertex 11.0866 17.3806 30.8308
      vertex 11.0866 17.3806 0
    endloop
  endfacet
  facet normal 0.442314 0.89686 0
    outer loop
      vertex 11.0866 17.3806 30.8308
      vertex 10.5 17.6699 0
      vertex 10.5 17.6699 31.8468
    endloop
  endfacet
  facet normal 0.751817 0.659372 0
    outer loop
      vertex 9.46447 18.4645 33.6404
      vertex 9.03323 18.9562 0
      vertex 9.03323 18.9562 34.3873
    endloop
  endfacet
  facet normal 0.751817 0.659372 0
    outer loop
      vertex 9.03323 18.9562 0
      vertex 9.46447 18.4645 33.6404
      vertex 9.46447 18.4645 0
    endloop
  endfacet
endsolid OpenSCAD_Model
